pub_ID,pub_year,first_author,source,suborder,family,species,species_OTL,roost_type,pd,country,hemisphere,lat,lon,clim_ID,study_year,mean_year_study,sex,age,date_pre,date_max,date_post,month_num_pre,month_num_max,month_num_post,days_dif,month_pre,month_max,month_post,value_pre_mean,value_pre_SD,pre_n,value_max_mean,value_max_SD,max_n,value_post_mean,value_post_SD,post_n,pre_post,mass_g,abs_diff,abs_vi,rel_diff,lnRR,lnRR_vi,notes,title,ref
1,2022,McGuire,Table 1,Yangochiroptera,Vespertilionidae,Corynorhinus townsendii,Corynorhinus townsendii,cave,,USA,northern,39.27574963,-114.2088393,BSk,2017-2019,2016,Female,,,,,,11,2,91.251,,Nov,Feb,,,,10.3,4.728498705,27,8.99,1.117720895,13,post,8.99,1.31,0.9242,14.57174638,0.136031047,0.008994697,,Lean Mass Dynamics in Hibernating Bats and Implications for Energy and Water Budgets,https://www.journals.uchicago.edu/doi/full/10.1086/720160
1,2022,McGuire,Table 1,Yangochiroptera,Vespertilionidae,Corynorhinus townsendii,Corynorhinus townsendii,cave,,USA,northern,39.27574963,-114.2088393,BSk,2017-2019,2016,Male,,,,,,11,2,91.251,,Nov,Feb,,,,9.22,1.018233765,8,7.88,0.907083238,17,post,7.88,1.34,0.178,17.00507614,0.157047134,0.002304014,,,
2,2023,Power,raw data,Yinpterochiroptera,Rhinolophidae,Rhinolophus ferrumequinum,Rhinolophus ferrumequinum,cave,,UK,northern,51.716667,-2.3,Cfb,2017/2018,2017,Female,,,,,,11,4,152.085,,Nov,Apr,,,,23.98,1.908896465,35,17.85,1.639529065,16,post,17.85,6.13,0.272114493,34.34173669,0.295216641,0.000708331,,Hibernation telomere dynamics in a shifting climate: insights from wild greater horseshoe bats,https://royalsocietypublishing.org/doi/full/10.1098/rspb.2023.1589
2,2023,Power,raw data,Yinpterochiroptera,Rhinolophidae,Rhinolophus ferrumequinum,Rhinolophus ferrumequinum,cave,,UK,northern,51.716667,-2.3,Cfb,2019/2020,2019,Female,,,,,,11,3,121.668,,Nov,Mar,,,,25.53571429,2.328889111,28,18.62,1.90864699,15,post,18.62,6.915714286,0.436566668,37.14132269,0.315841761,0.000997547,,,
2,2023,Power,raw data,Yinpterochiroptera,Rhinolophidae,Rhinolophus ferrumequinum,Rhinolophus ferrumequinum,cave,,UK,northern,51.716667,-2.3,Cfb,2017/2018,2017,Male,,,,,,11,4,152.085,,Nov,Apr,,,,24.124,1.712140181,25,16.79230769,1.100672199,11,post,16.79230769,7.331692308,0.227391441,43.66101695,0.362286289,0.000592057,,,
2,2023,Power,raw data,Yinpterochiroptera,Rhinolophidae,Rhinolophus ferrumequinum,Rhinolophus ferrumequinum,cave,,UK,northern,51.716667,-2.3,Cfb,2019/2020,2019,Male,,,,,,11,3,121.668,,Nov,Mar,,,,23.89565217,1.607720033,23,17.23333333,1.237829642,12,post,17.23333333,6.662318841,0.240066216,38.65949037,0.326851032,0.000626748,,,
3,2023,Medina-Bello,Fig 2,Yangochiroptera,Vespertilionidae,Eptesicus fuscus,Eptesicus fuscus,broad,,Mexico,northern,19.226111,-98.024444,Cwb,2014-2022,2018,Male,,,,,,9,3,182.502,,Sep,Mar,,,,16.14545455,4.341742424,10,13.2,2.494660966,5,post,13.2,2.945454545,3.129739394,22.31404959,0.201421728,0.01437489,,The big brown bat (Eptesicus fuscus) reduces its body mass during winter in a tropical montane ecosystem of central Mexico,https://www.degruyter.com/document/doi/10.1515/mammalia-2022-0031/html?lang=en
4,2023,Langwig,raw data,Yangochiroptera,Vespertilionidae,Myotis lucifugus,Myotis lucifugus,cave,,USA,northern,38.39806961,-78.51664527,Cfa,2011-2022,2016,Both,,,,,,11,3,121.668,,Nov,Mar,,,,7.806666667,1.012151174,9,6.491428571,0.326598632,8,post,6.491428571,1.315238095,0.127161111,20.26115023,0.184495444,0.002184158,,Shifting effects of host physiological condition following pathogen establishment,https://royalsocietypublishing.org/doi/full/10.1098/rsbl.2022.0574
4,2023,Langwig,raw data,Yangochiroptera,Vespertilionidae,Myotis lucifugus,Myotis lucifugus,cave,yes,USA,northern,38.39806961,-78.51664527,Cfa,2011-2022,2016,Both,,,,,,11,3,121.668,,Nov,Mar,,,,7.954807692,0.988759354,52,6.440092593,0.553214051,108,post,6.440092593,1.5147151,0.021634624,23.52008264,0.211233569,0.000365436,pd,,
4,2023,Langwig,raw data,Yangochiroptera,Vespertilionidae,Myotis lucifugus,Myotis lucifugus,cave,,USA,northern,42.72197013,-90.78848481,Dfa,2011-2022,2016,Both,,,,,,11,3,121.668,,Nov,Mar,,,,8.9844,0.999794183,50,7.953333333,1.045817065,3,post,7.953333333,1.031066667,0.384569546,12.96395641,0.121898612,0.006011243,,,
4,2023,Langwig,raw data,Yangochiroptera,Vespertilionidae,Myotis lucifugus,Myotis lucifugus,cave,yes,USA,northern,42.72197013,-90.78848481,Dfa,2011-2022,2016,Both,,,,,,11,3,121.668,,Nov,Mar,,,,9.337757576,0.829237345,165,7.602307692,0.749056663,104,post,7.602307692,1.735449883,0.009562539,22.82793533,0.20561429,0.000141144,pd,,
4,2023,Langwig,raw data,Yangochiroptera,Vespertilionidae,Myotis lucifugus,Myotis lucifugus,cave,,USA,northern,41.36180966,-88.06402528,Dfa,2011-2022,2016,Both,,,,,,11,3,121.668,,Nov,Mar,,,,10.03147727,0.759483399,88,7.904594595,0.684728635,37,post,7.904594595,2.126882678,0.019226427,26.90691664,0.238283692,0.00026794,,,
4,2023,Langwig,raw data,Yangochiroptera,Vespertilionidae,Myotis lucifugus,Myotis lucifugus,cave,,USA,northern,41.9893862,-83.46579734,Dfa,2011-2022,2016,Both,,,,,,11,3,121.668,,Nov,Mar,,,,9.4175,0.931985634,47,7.925263158,0.61359024,19,post,7.925263158,1.492236842,0.038296212,18.82886173,0.172514135,0.00052386,,,
4,2023,Langwig,raw data,Yangochiroptera,Vespertilionidae,Myotis lucifugus,Myotis lucifugus,cave,yes,USA,northern,41.9893862,-83.46579734,Dfa,2011-2022,2016,Both,,,,,,11,3,121.668,,Nov,Mar,,,,9.407261146,0.925162225,157,7.823918919,0.796736813,222,post,7.823918919,1.583342228,0.008311165,20.23720138,0.184296284,0.000108316,pd,,
5,2022,Balzer,Table 4,Yangochiroptera,Vespertilionidae,Myotis lucifugus,Myotis lucifugus,cave,,Canada,northern,44.87083551,-64.6950852,Dfb,2009,2009,Female,Adult,7/6/2009,26/7/2009,,,,,35,,,,7.67,,,9.28,,,,,,pre,7.67,1.61,,20.99087353,0.190544931,,,Active season body mass patterns of little brown and northern myotis bats,https://onlinelibrary.wiley.com/doi/full/10.1002/ece3.9230
5,2022,Balzer,Table 4,Yangochiroptera,Vespertilionidae,Myotis lucifugus,Myotis lucifugus,cave,,Canada,northern,44.87083551,-64.6950852,Dfb,2009,2009,Male,Adult,,,,,,,35,,,,7.2,,,9.07,,,,,,pre,7.2,1.87,,25.97222222,0.230891238,,,,
5,2022,Balzer,Table 4,Yangochiroptera,Vespertilionidae,Myotis lucifugus,Myotis lucifugus,cave,,Canada,northern,44.87083551,-64.6950852,Dfb,2010,2010,Female,Adult,,,,,,,35,,,,7.15,,,9.23,,,,,,pre,7.15,2.08,,29.09090909,0.255346692,,,,
5,2022,Balzer,Table 4,Yangochiroptera,Vespertilionidae,Myotis lucifugus,Myotis lucifugus,cave,,Canada,northern,44.87083551,-64.6950852,Dfb,2010,2010,Male,Adult,,,,,,,35,,,,7.45,,,8.8,,,,,,pre,7.45,1.35,,18.12080537,0.166537689,,,,
5,2022,Balzer,Table 4,Yangochiroptera,Vespertilionidae,Myotis lucifugus,Myotis lucifugus,cave,,Canada,northern,44.87083551,-64.6950852,Dfb,2011,2011,Female,Adult,,,,,,,35,,,,7.56,,,9.04,,,,,,pre,7.56,1.48,,19.57671958,0.178787984,,,,
5,2022,Balzer,Table 4,Yangochiroptera,Vespertilionidae,Myotis lucifugus,Myotis lucifugus,cave,,Canada,northern,44.87083551,-64.6950852,Dfb,2011,2011,Male,Adult,,,,,,,35,,,,7.41,,,9.51,,,,,,pre,7.41,2.1,,28.34008097,0.249513437,,,,
5,2022,Balzer,Table 4,Yangochiroptera,Vespertilionidae,Myotis lucifugus,Myotis lucifugus,cave,,Canada,northern,44.87083551,-64.6950852,Dfb,2011,2011,Female,Juvenile,,,,,,,35,,,,6.65,,,7.89,,,,,,pre,6.65,1.24,,18.64661654,0.17097928,,,,
5,2022,Balzer,Table 4,Yangochiroptera,Vespertilionidae,Myotis lucifugus,Myotis lucifugus,cave,,Canada,northern,44.87083551,-64.6950852,Dfb,2011,2011,Male,Juvenile,,,,,,,35,,,,6.62,,,8.04,,,,,,pre,6.62,1.42,,21.45015106,0.194333713,,,,
5,2022,Balzer,Table 4,Yangochiroptera,Vespertilionidae,Myotis septentrionalis,Myotis septentrionalis,cave,,Canada,northern,44.87083551,-64.6950852,Dfb,2009,2009,Female,Adult,,,,,,,35,,,,6.73,,,7.32,,,,,,pre,6.73,0.59,,8.766716196,0.084035184,,,,
5,2022,Balzer,Table 4,Yangochiroptera,Vespertilionidae,Myotis septentrionalis,Myotis septentrionalis,cave,,Canada,northern,44.87083551,-64.6950852,Dfb,2009,2009,Male,Adult,,,,,,,35,,,,6.75,,,7.07,,,,,,pre,6.75,0.32,,4.740740741,0.046317975,,,,
5,2022,Balzer,Table 4,Yangochiroptera,Vespertilionidae,Myotis septentrionalis,Myotis septentrionalis,cave,,Canada,northern,44.87083551,-64.6950852,Dfb,2009,2009,Female,Juvenile,,,,,,,35,,,,6.11,,,6.57,,,,,,pre,6.11,0.46,,7.528641571,0.072587059,,,,
5,2022,Balzer,Table 4,Yangochiroptera,Vespertilionidae,Myotis septentrionalis,Myotis septentrionalis,cave,,Canada,northern,44.87083551,-64.6950852,Dfb,2010,2010,Female,Adult,,,,,,,35,,,,6.42,,,7.84,,,,,,pre,6.42,1.42,,22.11838006,0.199820717,,,,
5,2022,Balzer,Table 4,Yangochiroptera,Vespertilionidae,Myotis septentrionalis,Myotis septentrionalis,cave,,Canada,northern,44.87083551,-64.6950852,Dfb,2010,2010,Male,Adult,,,,,,,35,,,,6.42,,,6.54,,,,,,pre,6.42,0.12,,1.869158879,0.018519048,,,,
6,2023,Weller,Fig 2,Yangochiroptera,Vespertilionidae,Lasionycteris noctivagans,Lasionycteris noctivagans,broad,,USA,northern,40.66512137,-123.1881988,Csb,1996-2018,2007,Male,,,,,,10,5,212.919,,Oct,May,,,,12.24609375,0.680547177,408,8.234375,0.225084459,408,post,8.234375,4.01171875,0.001259332,48.71916509,0.396889543,9.40E-06,,Rates of seasonal fuel loading do not differ by sex or overwintering strategy in three species of bats,https://academic.oup.com/jmammal/advance-article/doi/10.1093/jmammal/gyad088/7292874?login=true
6,2023,Weller,Fig 2,Yangochiroptera,Vespertilionidae,Lasionycteris noctivagans,Lasionycteris noctivagans,broad,,USA,northern,40.66512137,-123.1881988,Csb,1996-2018,2007,Female,,,,,,10,5,212.919,,Oct,May,,,,12.90625,0.77328668,120,8.79296875,0.820930864,120,post,8.79296875,4.11328125,0.010599165,46.77920924,0.383759294,0.000102553,,,
6,2023,Weller,Fig 2,Yangochiroptera,Vespertilionidae,Myotis californicus,Myotis californicus,broad,,USA,northern,40.66512137,-123.1881988,Csb,1996-2018,2007,Male,,,,,,11,3,121.668,,Nov,Mar,,,,4.538461538,0.405982906,160,3.615384615,0.370726496,160,post,3.615384615,0.923076923,0.001889127,25.53191489,0.227389842,0.00011573,,,
6,2023,Weller,Fig 2,Yangochiroptera,Vespertilionidae,Myotis californicus,Myotis californicus,broad,,USA,northern,40.66512137,-123.1881988,Csb,1996-2018,2007,Female,,,,,,11,3,121.668,,Nov,Mar,,,,4.861538462,0.642094017,113,3.707692308,0.370726496,113,post,3.707692308,1.153846154,0.004864804,31.12033195,0.27094528,0.000242848,,,
6,2023,Weller,Fig 2,Yangochiroptera,Vespertilionidae,Myotis yumanensis,Myotis yumanensis,cave,,USA,northern,40.66512137,-123.1881988,Csb,1996-2018,2007,Male,,,,,,11,5,182.502,,Nov,May,,,,5.807228916,0.709437751,109,4.84939759,0.183935743,109,post,4.84939759,0.957831325,0.004927837,19.7515528,0.180249017,0.000150118,,,
6,2023,Weller,Fig 2,Yangochiroptera,Vespertilionidae,Myotis yumanensis,Myotis yumanensis,cave,,USA,northern,40.66512137,-123.1881988,Csb,1996-2018,2007,Female,,,,,,11,4,152.085,,Nov,Apr,,,,6.114457831,0.335542169,99,4.903614458,0.129718876,99,post,4.903614458,1.210843373,0.001307228,24.69287469,0.220683525,3.75E-05,,,
7,2022,Antonova,Fig 2,Yangochiroptera,Vespertilionidae,Eptesicus nilssonii,Eptesicus nilssonii,cave,,Russia,northern,62.166667,33.95,Dfc,,,Male,,,,,,11,3,121.668,,Nov,Mar,,,,11.46153846,0.657051282,3,8.769230769,0.188746439,3,post,8.769230769,2.692307692,0.155780535,30.70175439,0.267747858,0.001249871,,Seasonal Changes in Body Mass and Activity of Digestive Enzymes in Eptesicus nilssonii (Mammalia: Chiroptera: Vespertilionidae) during Hibernation,https://link.springer.com/article/10.1134/S002209302204010X
7,2022,Antonova,Fig 2,Yangochiroptera,Vespertilionidae,Eptesicus nilssonii,Eptesicus nilssonii,cave,,Russia,northern,62.166667,33.95,Dfc,,,Female,,,,,,11,3,121.668,,Nov,Mar,,,,11.23076923,0.26460114,3,10.61538462,0.345797721,10,post,10.61538462,0.615384615,0.035295527,5.797101449,0.056352937,0.000291144,,,
8,2021,Pretorius,Table 1,Yangochiroptera,Miniopteridae,Miniopterus natalensis,Miniopterus natalensis,cave,,South Africa,southern,-24.616667,27.65,Cwa,2011-2018,2014,Male,,,,,10,4,,91.251,Oct,Apr,,10.82,0.75,134,11.07,0.7,61,,,,pre,10.82,0.25,0.012230548,2.310536044,0.022842473,0.000101406,,No Evidence of Pre-Hibernation or Pre-Migratory Body Mass Gain in Miniopterus natalensis in North-Eastern South Africa,https://bioone.org/journals/journal-of-vertebrate-biology/volume-70/issue-1/jvb.20088/No-Evidence-of-Pre-Hibernation-or-Pre-Migratory-Body-Mass/10.25225/jvb.20088.full
8,2021,Pretorius,Table 1,Yangochiroptera,Miniopteridae,Miniopterus natalensis,Miniopterus natalensis,cave,,South Africa,southern,-24.616667,27.65,Cwa,2011-2018,2014,Male,,,,,,4,7,91.251,,Apr,Jul,,,,11.07,0.7,61,10.47,0.73,56,post,10.47,0.6,0.017548858,5.730659026,0.055724722,0.000152359,,,
8,2021,Pretorius,Table 1,Yangochiroptera,Miniopteridae,Miniopterus natalensis,Miniopterus natalensis,cave,,South Africa,southern,-24.616667,27.65,Cwa,2011-2018,2014,Female,,,,,10,4,,91.251,Oct,Apr,,11.01,1.22,202,11.2,1.06,132,,,,pre,11.01,0.19,0.015880438,1.725703906,0.017109828,0.000128643,,,
9,2022,Eastick,Fig 6,Yangochiroptera,Vespertilionidae,Chalinolobus gouldii,Chalinolobus gouldii,tree,,Australia,southern,-37.665439,144.770219,Cfb,2017-2018,2017,Male,Juvenile,,,,3,5,,80,Mar,May,,12.83370004,0.286486982,17,16.17604816,0.318318869,13,,,,pre,12.83370004,3.342348124,0.012622306,26.04352692,0.231457113,5.91E-05,,"Size at Birth, Postnatal Growth, and Reproductive Timing in an Australian Microbat ",https://academic.oup.com/iob/article/4/1/obac030/6651685?login=false
9,2022,Eastick,Fig 6,Yangochiroptera,Vespertilionidae,Chalinolobus gouldii,Chalinolobus gouldii,tree,,Australia,southern,-37.665439,144.770219,Cfb,2017-2018,2017,Male,Juvenile,,,,,5,8,70,,May,Aug,,,,16.17604816,0.318318869,13,12.48354928,0.668469625,7,post,12.48354928,3.69249888,0.071630326,29.57891859,0.25911992,0.000439415,,,
9,2022,Eastick,Fig 6,Yangochiroptera,Vespertilionidae,Chalinolobus gouldii,Chalinolobus gouldii,tree,,Australia,southern,-37.665439,144.770219,Cfb,2017-2018,2017,Female,Juvenile,,,,3,5,,80,Mar,May,,13.24751457,0.350150756,27,16.8126859,0.477478303,6,,,,pre,13.24751457,3.565171332,0.042538535,26.9120016,0.23832376,0.0001603,,,
9,2022,Eastick,Fig 6,Yangochiroptera,Vespertilionidae,Chalinolobus gouldii,Chalinolobus gouldii,tree,,Australia,southern,-37.665439,144.770219,Cfb,2017-2018,2017,Female,Juvenile,,,,,5,8,70,,May,Aug,,,,16.8126859,0.477478303,6,13.27934645,0.541142077,5,post,13.27934645,3.533339445,0.096564538,26.60778117,0.235923784,0.000466549,,,
10,2019,Sommers,Fig 1,Yangochiroptera,Molossidae,Tadarida brasiliensis,Tadarida brasiliensis,cave,,Mexico,northern,29.5,-99.7,BSh,2016,2016,Female,,18/9/2016,5/11/2016,,,,,48,Sep,Nov,,13.67307692,0.576923077,6,16.08974359,0.769230769,9,,,,pre,13.67307692,2.416666667,0.121219592,17.67463666,0.162753314,0.000550688,,Migration and reproduction are associated with similar degrees of phenotypic flexibility in an insectivorous bat,https://link.springer.com/article/10.1007/s00442-019-04449-2
11,2019,De Carvalho,Fig 2,Yangochiroptera,Phyllostomidae,Artibeus lituratus,Artibeus lituratus,broad,,Brazil,southern,-22.9558288,-44.09883122,Cwa,1992-2014,2003,Male,,,,,,1,7,182.502,,Jan,Jul,,,,75.2,0.985714286,99,76.01428571,0.814285714,62,post,76.01428571,-0.81428571,0.020509007,-1.071227207,-0.010770062,3.59E-06,low,Reproductive constraints in frugivorous phyllostomid bats: seasonal and elevational variation in reproductive rates in the Brazilian Atlantic Forest ,https://academic.oup.com/jmammal/article/100/2/487/5377941?login=true
11,2019,De Carvalho,Fig 2,Yangochiroptera,Phyllostomidae,Artibeus lituratus,Artibeus lituratus,broad,,Brazil,southern,-22.33016666,-43.71673182,Cwa,1992-2014,2003,Male,,,,,,1,7,182.502,,Jan,Jul,,,,79.57142857,0.942857143,107,77.44285714,0.985714286,75,post,77.44285714,2.12857143,0.021263323,2.748570376,0.027114754,3.47E-06,mid,,
11,2019,De Carvalho,Fig 2,Yangochiroptera,Phyllostomidae,Artibeus lituratus,Artibeus lituratus,broad,,Brazil,southern,-22.04219399,-44.75180507,Cwb,1992-2014,2003,Male,,,,,,1,7,182.502,,Jan,Jul,,,,76.7,1.414285714,72,75.37142857,1.5,45,post,75.37142857,1.32857143,0.077780612,1.762699016,0.017473437,1.35E-05,high,,
11,2019,De Carvalho,Fig 2,Yangochiroptera,Phyllostomidae,Artibeus fimbriatus,Artibeus fimbriatus,cave,,Brazil,southern,-22.9558288,-44.09883122,Cwa,1992-2014,2003,Male,,,,,,1,7,182.502,,Jan,Jul,,,,62.45283019,1.132075472,179,63.35849057,0.981132075,142,post,63.35849057,-0.905660377,0.013938763,-1.429422275,-0.014397369,3.52E-06,low,,
11,2019,De Carvalho,Fig 2,Yangochiroptera,Phyllostomidae,Artibeus fimbriatus,Artibeus fimbriatus,cave,,Brazil,southern,-22.33016666,-43.71673182,Cwa,1992-2014,2003,Male,,,,,,1,7,182.502,,Jan,Jul,,,,65.88679245,0.981132075,124,63.18867925,1.056603774,62,post,63.18867925,2.698113208,0.025769703,4.269931323,0.041812844,6.30E-06,mid,,
11,2019,De Carvalho,Fig 2,Yangochiroptera,Phyllostomidae,Artibeus fimbriatus,Artibeus fimbriatus,cave,,Brazil,southern,-22.04219399,-44.75180507,Cwb,1992-2014,2003,Male,,,,,,1,7,182.502,,Jan,Jul,,,,63.69811321,1.169811321,58,62.45283019,0.867924528,16,post,62.45283019,1.245283018,0.070674924,1.993957702,0.019743387,1.79E-05,high,,
11,2019,De Carvalho,Fig 2,Yangochiroptera,Phyllostomidae,Sturnira lilium,Sturnira lilium,broad,,Brazil,southern,-22.9558288,-44.09883122,Cwa,1992-2014,2003,Male,,,,,,1,7,182.502,,Jan,Jul,,,,22.48275862,1.551724138,27,22.89655172,3.775862069,16,post,22.89655172,-0.413793104,0.980250446,-1.807228919,-0.018237588,0.001876127,low,,
11,2019,De Carvalho,Fig 2,Yangochiroptera,Phyllostomidae,Sturnira lilium,Sturnira lilium,broad,,Brazil,southern,-22.33016666,-43.71673182,Cwa,1992-2014,2003,Male,,,,,,1,7,182.502,,Jan,Jul,,,,22.43103448,0.568965517,71,21.81034483,0.310344828,211,post,21.81034483,0.620689655,0.005015925,2.845849802,0.028061077,1.00E-05,mid,,
11,2019,De Carvalho,Fig 2,Yangochiroptera,Phyllostomidae,Sturnira lilium,Sturnira lilium,broad,,Brazil,southern,-22.04219399,-44.75180507,Cwb,1992-2014,2003,Male,,,,,,1,7,182.502,,Jan,Jul,,,,23.56896552,1.137931034,259,22.43103448,0.620689655,73,post,22.43103448,1.137931034,0.010277038,5.073020753,0.049485358,1.95E-05,high,,
11,2019,De Carvalho,Fig 2,Yangochiroptera,Phyllostomidae,Carollia perspicillata,Carollia perspicillata,cave,,Brazil,southern,-22.9558288,-44.09883122,Cwa,1992-2014,2003,Male,,,,,,1,7,182.502,,Jan,Jul,,,,16.0625,0.229166667,178,16.04166667,0.197916667,161,post,16.04166667,0.020833333,0.00053834,0.12987013,0.001297859,2.09E-06,low,,
11,2019,De Carvalho,Fig 2,Yangochiroptera,Phyllostomidae,Carollia perspicillata,Carollia perspicillata,cave,,Brazil,southern,-22.33016666,-43.71673182,Cwa,1992-2014,2003,Male,,,,,,1,7,182.502,,Jan,Jul,,,,15.72916667,0.291666667,86,16.02083333,0.166666667,174,post,16.02083333,-0.291666663,0.001148822,-1.820546143,-0.01837322,4.62E-06,mid,,
11,2019,De Carvalho,Fig 2,Yangochiroptera,Phyllostomidae,Carollia perspicillata,Carollia perspicillata,cave,,Brazil,southern,-22.04219399,-44.75180507,Cwb,1992-2014,2003,Male,,,,,,1,7,182.502,,Jan,Jul,,,,16.14583333,0.75,36,16.0108393,0.541666667,48,post,16.0108393,0.134994033,0.021737558,0.843141517,0.008396069,8.38E-05,high,,
12,2019,Rogers,Fig 1,Yangochiroptera,Molossidae,Tadarida brasiliensis,Tadarida brasiliensis,cave,,Mexico,northern,29.45180189,-99.66428882,BSh,2016,2016,Female,,,,,9,11,,60.834,Sep,Nov,,13.92957746,1.090981224,6,15.94366197,0.929577465,9,,,,pre,13.92957746,2.014084507,0.294386034,14.45904954,0.135046927,0.001400073,,Seasonal Dynamics of Lipid Metabolism and Energy Storage in the Brazilian Free-Tailed Bat,https://www.journals.uchicago.edu/doi/full/10.1086/704107?casa_token=nhQFA0iA3sMAAAAA%3AC8ht_p7Stc11PE83VahHWxTKZ7d1kexskimFhSIYiWX2mJYG9jTroW22wxQzwYbZBUbuLujPRwrY
13,2019,Cheng,raw data,Yangochiroptera,Vespertilionidae,Myotis lucifugus,Myotis lucifugus,cave,,USA,northern,40.96692818,-74.49065659,Cfa,2009,2009,Male,Adult,,25/11/2008,19/3/2009,,,,114,,Nov,Mar,,,,7.576111111,0.484284055,18,6.448571429,0.619372955,21,post,6.448571429,1.127539683,0.031297258,17.48510806,0.1611414,0.000666302,,Higher fat stores contribute to persistence of little brown bat populations with white-nose syndrome,https://besjournals.onlinelibrary.wiley.com/doi/full/10.1111/1365-2656.12954
13,2019,Cheng,raw data,Yangochiroptera,Vespertilionidae,Myotis lucifugus,Myotis lucifugus,cave,,USA,northern,40.96692818,-74.49065659,Cfa,2009,2009,Male,Juvenile,,25/11/2008,19/3/2009,,,,114,,Nov,Mar,,,,7.2885,0.858825851,20,6.295,0.474964395,18,post,6.295,0.9935,0.049411935,15.78236696,0.146542096,0.001010501,,,
13,2019,Cheng,raw data,Yangochiroptera,Vespertilionidae,Myotis lucifugus,Myotis lucifugus,cave,,USA,northern,40.96692818,-74.49065659,Cfa,2009,2009,Female,Adult,,25/11/2008,19/3/2009,,,,114,,Nov,Mar,,,,7.935,0.831214743,41,6.869375,0.613144689,48,post,6.869375,1.065625,0.024683874,15.5126922,0.144210227,0.000433616,,,
13,2019,Cheng,raw data,Yangochiroptera,Vespertilionidae,Myotis lucifugus,Myotis lucifugus,cave,,USA,northern,40.96692818,-74.49065659,Cfa,2009,2009,Female,Juvenile,,25/11/2008,19/3/2009,,,,114,,Nov,Mar,,,,7.655,0.668983474,10,6.436,0.601127512,15,post,6.436,1.219,0.068844175,18.94033561,0.1734518,0.001345312,,,
13,2019,Cheng,raw data,Yangochiroptera,Vespertilionidae,Myotis lucifugus,Myotis lucifugus,cave,yes,USA,northern,40.96692818,-74.49065659,Cfa,2016,2016,Male,Adult,,13/11/2015,10/4/2016,,,,149,,Nov,Apr,,,,8.327708333,0.939274869,72,6.768043478,0.52113389,46,post,6.768043478,1.559664855,0.01815722,23.04454544,0.207376262,0.000305575,pd,,
13,2019,Cheng,raw data,Yangochiroptera,Vespertilionidae,Myotis lucifugus,Myotis lucifugus,cave,yes,USA,northern,40.96692818,-74.49065659,Cfa,2016,2016,Female,Adult,,13/11/2015,10/4/2016,,,,149,,Nov,Apr,,,,8.752340426,1.21716744,47,7.085294118,0.646324036,34,post,7.085294118,1.667046308,0.04380752,23.52825839,0.211299757,0.000656226,pd,,
14,2015,Lacki,raw data,Yangochiroptera,Vespertilionidae,Myotis lucifugus,Myotis lucifugus,cave,,USA,northern,37.2072,-86.1319,Cfa,2011-2013,2012,Male,Adult,,,,5,10,,152.085,May,,,5.84,0.905648939,5,7.129047619,0.897601831,21,,,,pre,5.84,1.289047619,0.202406145,22.0727332,0.199446855,0.00556466,,Temporal Changes in Body Mass and Body Condition of Cave-Hibernating Bats During Staging and Swarming ,https://meridian.allenpress.com/jfwm/article/6/2/360/204032/Temporal-Changes-in-Body-Mass-and-Body-Condition
14,2015,Lacki,raw data,Yangochiroptera,Vespertilionidae,Myotis septentrionalis,Myotis septentrionalis,cave,,USA,northern,37.2072,-86.1319,Cfa,2011-2013,2012,Female,Adult,,,,8,9,,30.417,Aug,Sep,,6.403888889,1.283859709,18,6.857647059,1.103004586,17,,,,pre,6.403888889,0.45375817,0.163137817,7.085665879,0.068458944,0.003754722,,,
14,2015,Lacki,raw data,Yangochiroptera,Vespertilionidae,Myotis septentrionalis,Myotis septentrionalis,cave,,USA,northern,37.2072,-86.1319,Cfa,2011-2013,2012,Male,Adult,,,,8,9,,30.417,Aug,Sep,,5.457575758,0.676613952,33,6.224210526,0.718658594,19,,,,pre,5.457575758,0.766634769,0.041055563,14.04716678,0.131441921,0.001167421,,,
14,2015,Lacki,raw data,Yangochiroptera,Vespertilionidae,Myotis sodalis,Myotis sodalis,cave,,USA,northern,37.2072,-86.1319,Cfa,2011-2013,2012,Female,Adult,,,,8,9,,30.417,Aug,Sep,,6.93,,1,7.996666667,2.07321811,3,,,,pre,6.93,1.066666667,1.432744444,15.39201539,0.143164975,,,,
14,2015,Lacki,raw data,Yangochiroptera,Vespertilionidae,Myotis sodalis,Myotis sodalis,cave,,USA,northern,37.2072,-86.1319,Cfa,2011-2013,2012,Male,Adult,,,,8,9,,30.417,Aug,Sep,,6.365714286,0.395468378,7,6.748055556,0.541409903,36,,,,pre,6.365714286,0.38234127,0.030484529,6.006258727,0.058327951,0.000730165,,,
14,2015,Lacki,raw data,Yangochiroptera,Vespertilionidae,Perimyotis subflavus,Perimyotis subflavus,cave,,USA,northern,37.2072,-86.1319,Cfa,2011-2013,2012,Female,Adult,,,,5,9,,121.668,May,Sep,,5.900888889,0.554644941,24,7.479285714,0.337808874,14,,,,pre,5.900888889,1.578396825,0.020969018,26.74845867,0.237034296,0.000513827,,,
14,2015,Lacki,raw data,Yangochiroptera,Vespertilionidae,Perimyotis subflavus,Perimyotis subflavus,cave,,USA,northern,37.2072,-86.1319,Cfa,2011-2013,2012,Male,Adult,,,,5,9,,121.668,May,Sep,,5.316153846,0.508606543,27,6.435,1.214998243,42,,,,pre,5.316153846,1.118846154,0.044728876,21.0461583,0.19100176,0.001187803,,,
14,2015,Lacki,raw data,Yangochiroptera,Vespertilionidae,Corynorhinus townsendii,Corynorhinus townsendii,cave,,USA,northern,37.2072,-86.1319,Cfa,2011-2014,2012,Male,Adult,,,,5,9,,121.668,May,Sep,,9.536666667,0.073711148,3,10.305,0.685893578,2,,,,pre,9.536666667,0.768333333,0.237036111,8.056623558,0.077485196,0.002234984,,,
14,2015,Lacki,raw data,Yangochiroptera,Vespertilionidae,Myotis leibii,Myotis leibii,cave,,USA,northern,37.2072,-86.1319,Cfa,2011-2014,2012,Male,Adult,,,,4,9,,152.085,Apr,Sep,,3.8675,0.111467484,4,4.5275,0.441163235,4,,,,pre,3.8675,0.66,0.0517625,17.06528765,0.157561607,0.002581348,,,
15,2019,Azeredo,Table 3,Yangochiroptera,Phyllostomidae,Artibeus planirostris,Artibeus planirostris,tree,,Brazil,southern,-6.733889,-35.175556,As,2012,2012,Male,Adult,,,,,6,9,91.251,,Jun,Sep,,,,44.19666667,3.803095905,27,39.9725,4.97444218,11,post,39.9725,4.224166667,2.785238882,10.56768195,0.100457654,0.001682146,,Body mass index and glucose variations during the night in free-ranging Artibeus planirostris (Chiroptera: Phyllostomidae),https://www.scielo.br/j/zool/a/JYzkdwCC4xD3676Ln9YcTvx/?format=html&lang=en#
16,2014,Puga,Fig 1,Yangochiroptera,Phyllostomidae,Artibeus planirostris,Artibeus planirostris,tree,,Brazil,southern,-20.819722,-49.379167,Aw,2009-2010,2009,Male,Adult,,,,,4,10,182.502,,Apr,Oct,,,,50.17,3.326503497,8,46.33,2.341328671,8,post,46.33,3.84,2.068430683,8.28836607,0.079627539,0.000868773,,Seasonal changes in the prostatic complex of Artibeus planirostris (Chiroptera: Phyllostomidae),https://pdf.sciencedirectassets.com/272500/1-s2.0-S0016648013X00164/1-s2.0-S001664801300470X/main.pdf?X-Amz-Security-Token=IQoJb3JpZ2luX2VjEKX%2F%2F%2F%2F%2F%2F%2F%2F%2F%2FwEaCXVzLWVhc3QtMSJHMEUCIHMb7mG9jhgYDij1rAVGnxsnmnC%2FYdjLH31yLRqmfbskAiEAv6sy8yBpi4qmpfmo3a1m2VhvRlOZHMgKzjWEub0OTygqswUILhAFGgwwNTkwMDM1NDY4NjUiDOlj5871RklqFLHU%2FSqQBT97OznMdfnwNd7wxdOSbA3o8q65kDQUVYn0n8MfcMgudl2j%2B%2B3HSWGCZXhjkPfDxC4ONMuKffoKuOGh5SqbtOObT9pOx0%2FF69m%2Fq%2F5KgAiq5I0FjBlIQlR5ulxprriJGHuZoYqw2OZbMLdigOrP0Xr1btHceg4oFpew6VfUup39gy3ybyzSlWglhShdHi3gDhWKNetrGkcZJHvCvN%2Bl7rimR2tnVo21Jhx3LWR1waxPjoy4mYPmiyLl6F03gclHkx1EggO9rhPzuAJqx6bMb0Z%2B2PXYGBTD1dl8utZp8c48m0uewzZbbVdfPFMpieETp2UTWSM%2BryRaQM6W514jIgnwGS%2FlwWBvyQGMtyt5%2Ft7lyPf%2Fo2vfH5CbZp7n2X9ofAH%2BHw9n4l4zIO8dZ0jqXMhbuhkL5N71lcu9fJtZ6LDWyMthNeQ16sp%2F9dGaZ%2FdTRC8ZAbJQcFAbiOrvde6fWQKwYGLvWQHD8o90HkRD9jJ6tuQeXR75XDTUgdS%2BLI1li5vuhhQTf98YrvC7q5HcwSH%2FGekSACQ26gttpmr2cVilCMF8xEYOkJGRXlH2Zcz6mSDviq3Cm5AUjHl7fulMCBUiQTRPx4ZWTZUAQx1q9L6xs5bKTXb1lWlOpANymKY6%2Bnw2nF4sHsNyAd9Tpax%2BCMvFfASNBwrJ1SWcY8tTzdnLRL5biINLK74kui1M05wvboAjEl9YK19t6w62ekbkuZK7QVBZe9mlQm9%2BL5Qyh33MPDkOPNCJpNERIEO%2BR9Pno1g7nM1pS7esVcbsXeK8rzmL6HUvbfIogjfolKAhO6ERFdcEEQmW4fiLRSo7OPaat%2FJRwy1rO%2BSWh0wVYnoHnXRL1KqSS8ghVJzYc87JRP4jMKeHlqwGOrEBn808F4GPoUNHBI6mj4Xy9ijCOgnLR1zbeQPNQ4zrT4X%2FFhL8irSH4Q%2B6Scbbc2XvIUwI7RLPGn4xS5HwOGciL5NUSTgTkAIyftwx4I6xBw3yBMIVSdXr5A1tWSO7Hpaa9O5A1qgstvR20ovUd9Gh7asuW87q6Z7vRFA7W13olm5eBLaj3yc4xAumSRF%2B6EcxpF6SX4%2FbGAuXuFuHSxW0Q9ihWfcRI%2FSfc%2BhgjEPO18he&X-Amz-Algorithm=AWS4-HMAC-SHA256&X-Amz-Date=20231222T132911Z&X-Amz-SignedHeaders=host&X-Amz-Expires=300&X-Amz-Credential=ASIAQ3PHCVTYQWS3WK7T%2F20231222%2Fus-east-1%2Fs3%2Faws4_request&X-Amz-Signature=4cf6ed62130f4d3d5b1016f9a8c516a45370829aad14dc5ff35eafe23461a1f6&hash=ce12d72264a46be5038d06c33544d8143086995be2542b340171eb1d3444f991&host=68042c943591013ac2b2430a89b270f6af2c76d8dfd086a07176afe7c76c2c61&pii=S001664801300470X&tid=spdf-5dcad4de-1f0f-4565-ad90-30f339c83892&sid=4fac9e9c14e8544a990a2e146fe88d29ba36gxrqa&type=client&tsoh=d3d3LnNjaWVuY2VkaXJlY3QuY29t&ua=03165d525f59045856&rr=8398b652ef4c5f25&cc=au
17,2021,Albernaz,Fig 3,Yangochiroptera,Phyllostomidae,Artibeus lituratus,Artibeus lituratus,broad,,Brazil,southern,-12.150556,-45.003056,Aw,,,Male,Adult,,,,4,6,,60.834,Apr,Jun,,65.58325,6.522577235,5,66.70783228,2.923913933,5,,,,pre,65.58325,1.124582282,10.2186573,1.714740093,0.017002044,0.002362499,,"The prostate of the bat Artibeus lituratus: Seasonal variations, abiotic regulation, and hormonal control",https://onlinelibrary-wiley-com.ezproxy.uws.edu.au/doi/full/10.1002/jmor.21362
17,2021,Albernaz,Fig 3,Yangochiroptera,Phyllostomidae,Artibeus lituratus,Artibeus lituratus,broad,,Brazil,southern,-12.150556,-45.003056,Aw,,,Male,Adult,,,,,6,8,60.834,,Jun,Aug,,,,66.70783228,2.923913933,5,64.90850063,6.297660779,5,post,64.90850063,1.799331651,9.641960794,2.772104784,0.027343776,0.002266961,,,
18,2020,Abiaezute,Table 1,Yinpterochiroptera,Pteropodidae,Eidolon helvum,Eidolon helvum,tree,,Nigeria,northern,6.437428,7.503697,Aw,2019,2019,Male,Adult,,,,,5,9,121.668,,May,Sep,,,,253.79,8.05,16,237.57,7.06,16,post,237.57,16.22,7.16538125,6.82746138,0.066044837,0.000118077,,"Histology, ultrastructure, and seasonal variations in the bulbourethral gland of the African straw-colored fruit bat Eidolon helvum",https://onlinelibrary.wiley.com/doi/abs/10.1002/jmor.21258?casa_token=jGCZpVjnVjoAAAAA:kISk0Oknq6bv0wZaVJGj1hziUUXPi6dm4dHYZJ75hqZES5_P3iOVZHUrm6_vii5lcrYF_9x3s3TjhKEC
19,2019,Mendes de Brito,Table 1,Yangochiroptera,Phyllostomidae,Artibeus lituratus,Artibeus lituratus,broad,,Brazil,southern,-10.916667,-47.916667,Aw,2013-2014,2013,Male,Adult,,,,4,7,,91.251,Apr,Jul,,65.1,4.9,5,67.7,8.5,5,,,,pre,65.1,2.6,19.252,3.993855607,0.039161631,0.004285836,,Evaluation of reproductive parameters in male Neotropical bats during dry and rainy months in a specific area of the Cerrado biome,https://onlinelibrary.wiley.com/doi/abs/10.1111/ahe.12529?casa_token=DQ2jUIeoKn0AAAAA:AWg1sneMI_EZRk9LjXqh0gsZtZFBhduv4M7NP3euennt3S-ejuAJqouwKqzE70U6gyCF3YnlE0dLXg4R
19,2019,Mendes de Brito,Table 1,Yangochiroptera,Phyllostomidae,Platyrrhinus lineatus,Platyrrhinus lineatus,broad,,Brazil,southern,-10.916667,-47.916667,Aw,2013-2014,2013,Male,Adult,,,,4,7,,91.251,Apr,Jul,,21.3,0.6,4,23,3.3,5,,,,pre,21.3,1.7,2.268,7.981220657,0.076787143,0.004315576,,,
19,2019,Mendes de Brito,Table 1,Yangochiroptera,Phyllostomidae,Sturnira lilium,Sturnira lilium,broad,,Brazil,southern,-10.916667,-47.916667,Aw,2013-2014,2013,Male,Adult,,,,4,7,,91.251,Apr,Jul,,20.5,1.4,5,24.7,0.8,5,,,,pre,20.5,4.2,0.52,20.48780488,0.186378357,0.001142583,,,
20,2013,Barros,Table 3,Yangochiroptera,Molossidae,Molossus molossus,Molossus molossus,broad,,Brazil,southern,-20.751111,-42.881389,Cwa,,,Male,Adult,,,,5,8,,91.251,May,Aug,,14.97,1.46,5,15.31,1.64,4,,,,pre,14.97,0.34,1.09872,2.271209085,0.022458011,0.004771006,,Seasonal variation of energy reserves and reproduction in neotropical free-tailed bats Molossus molossus (Chiroptera: Molossidae),https://www.scielo.br/j/bjb/a/C3smgrdvyMMqC6xszDrMbdQ/?lang=en#
20,2013,Barros,Table 3,Yangochiroptera,Molossidae,Molossus molossus,Molossus molossus,broad,,Brazil,southern,-20.751111,-42.881389,Cwa,,,Male,Adult,,,,,8,10,60.834,,Aug,Oct,,,,15.31,1.64,4,14.27,1.58,4,post,14.27,1.04,1.2965,7.288016819,0.070346778,0.005933477,,,
21,2020,Soares,Fig 2,Yangochiroptera,Molossidae,Molossus molossus,Molossus molossus,broad,,Brazil,southern,-12.150556,-45.003056,Aw,,,Male,Adult,,,,4,7,,91.251,Apr,Jul,,13.03797468,0.658227848,5,12.73417722,0.911392405,5,,,,pre,13.03797468,-0.303797468,0.252780003,-2.330097087,-0.023576731,0.001534225,,"Annual reproductive cycle of males of the bat Molossus molossus: Seasonal bimodal polyestry, testicular regression, and some aspects of the hormonal control",https://www.sciencedirect.com/science/article/pii/S0093691X20305185?casa_token=U1d3LDJweesAAAAA:e74qO8z19fecJNVWbd6395CfmZFKG7SRR-bQgq4k0DiiKcEoF5mNoeRc-2yiu9syNo8u9xTppnQ
21,2020,Soares,Fig 2,Yangochiroptera,Molossidae,Molossus molossus,Molossus molossus,broad,,Brazil,southern,-12.150556,-45.003056,Aw,,,Male,Adult,,,,,7,9,60.834,,Jul,Sep,,,,12.73417722,0.911392405,5,12.35897436,0.717948718,5,post,12.35897436,0.375202856,0.269217296,3.035873733,0.02990703,0.001699389,,,
22,2013,Becker,Table 1,Yangochiroptera,Vespertilionidae,Myotis daubentonii,Myotis daubentonii,cave,,Germany,northern,50.67100898,8.751340205,Cfb,2010,2010,Male,Adult,15/8/2010,16/9/2010,,,,,32,Aug,Sep,,8,0.5,5,8,0.5,5,,,,pre,8,0,0.1,0,0,0.0015625,,Balancing the Energy Budget in Free-Ranging Male Myotis daubentonii Bats,https://www.journals.uchicago.edu/doi/abs/10.1086/670527?casa_token=nalNaQn29Z4AAAAA:j9jvw2bZDfuvWzwwVuI5NVLMfhLf1FvcIW-OY2aHfbKLAC2MesKqPOsIvBHyGTBvmD2TbG6HJPJ9
23,2010,Roy,Table 1,Yangochiroptera,Vespertilionidae,Scotophilus heathi,Scotophilus heathii,broad,,India,northern,25.26992136,82.99146424,Cwa,,,Male,Adult,,,,9,12,,91.251,Sep,Dec,,31.683,0.979795897,6,44.48,0.832826513,6,,,,pre,31.683,12.797,0.2756,40.39074583,0.339259391,0.000217821,,"Role of leptin in seasonal adiposity associated changes in testicular activity of vespertilionid bat, Scotophilus heathi",https://www.sciencedirect.com/science/article/pii/S0016648010001826?casa_token=SXI6gcsm_dcAAAAA:8Tk-zpadHq0WJaEaH-28k5s9gPL4FC_yIyw7NVkKCQXgPDHus_WvgEQdQ-3osE2x6u6B-Cw2Xg8
23,2010,Roy,Table 1,Yangochiroptera,Vespertilionidae,Scotophilus heathi,Scotophilus heathii,broad,,India,northern,25.26992136,82.99146424,Cwa,,,Male,Adult,,,,,12,3,91.251,,Dec,Mar,,,,44.48,0.832826513,6,31.53,0.391918359,6,post,31.53,12.95,0.1412,41.07199493,0.344100176,8.42E-05,,,
24,2010,Srivastava,Table 1,Yangochiroptera,Vespertilionidae,Scotophilus heathi,Scotophilus heathii,broad,,India,northern,25.26992136,82.99146424,Cwa,,,Female,Adult,,,,10,12,,60.834,Oct,Dec,,33,1.13,5,45.1,1.8,5,,,,pre,33,12.1,0.90338,36.66666667,0.312374685,0.000553091,,"Melatonin modulates glucose homeostasis during winter dormancy in a vespertilionid bat, Scotophilus heathi",https://www.sciencedirect.com/science/article/pii/S1095643309012033?casa_token=UliT9JHFgaUAAAAA:3ijln8YUUeSE9WOJDg0ZIw7JQoT0GnCQDwqf075yrhviL7WzEAHW-kWEnthLZKQQgHM33aTeDi8
24,2010,Srivastava,Table 1,Yangochiroptera,Vespertilionidae,Scotophilus heathi,Scotophilus heathii,broad,,India,northern,25.26992136,82.99146424,Cwa,,,Female,Adult,,,,,12,3,91.251,,Dec,Mar,,,,45.1,1.8,5,34.3,0.9,5,post,34.3,10.8,0.81,31.48688047,0.273736892,0.00045628,,,
25,2010,King,Table 2,Yinpterochiroptera,Pteropodidae,Epomops franqueti,Epomops franqueti,tree,,Congo,southern,-3.266667,15.466667,Aw,2002,2002,Female,Adult,,,,8,12,,121.668,Sep,Dec,,110,10,6,115,10,3,,,,pre,110,5,50,4.545454545,0.044451763,0.003897889,,"The fruit bats (Chiroptera: Pteropodidae) of the Lesio-Louna Reserve, Bateke Plateau, Republic of Congo",https://www.degruyter.com/document/doi/10.1515/mamm.2009.073/html
25,2010,King,Table 2,Yinpterochiroptera,Pteropodidae,Epomops franqueti,Epomops franqueti,tree,,Congo,southern,-3.266667,15.466667,Aw,2002,2002,Female,Adult,,,,,12,3,91.251,,Dec,Mar,,,,115,10,3,110.8,14.28,13,post,110.8,4.2,49.0193641,3.790613718,0.037205354,0.003798193,,,
25,2010,King,Table 2,Yinpterochiroptera,Pteropodidae,Micropteropus pusillus,Micropteropus pusillus,tree,,Congo,southern,-3.266667,15.466667,Aw,2002,2002,Female,Adult,,,,8,12,,121.668,Sep,Dec,,29.4,2.67,10,29.5,2.59,6,,,,pre,29.4,0.1,1.830906667,0.340136054,0.003395589,0.002109468,,,
25,2010,King,Table 2,Yinpterochiroptera,Pteropodidae,Micropteropus pusillus,Micropteropus pusillus,tree,,Congo,southern,-3.266667,15.466667,Aw,2002,2002,Female,Adult,,,,,12,3,91.251,,Dec,Mar,,,,29.5,2.59,6,26,2.33,8,post,26,3.5,1.796629167,13.46153846,0.126293725,0.002288572,,,
26,2010,Caire,Table 1,Yangochiroptera,Vespertilionidae,Myotis velifer,Myotis velifer,cave,,USA,northern,36.70021486,-99.14778157,Cfa,1979-1980,1979,Male,Adult,,,,,10,3,152.085,,Oct,Mar,,,,15,1.42,12,11.7,0.77,20,post,11.7,3.3,0.197678333,28.20512821,0.248461359,0.000963376,,"Loss in Mass by Hibernating Cave Myotis, Myotis velifer (Chiroptera: Vespertilionidae) in Western Oklahoma",https://bioone.org/journals/the-southwestern-naturalist/volume-55/issue-3/JKF-06.1/Loss-in-Mass-by-Hibernating-Cave-Myotis-Myotis-velifer-Chiroptera/10.1894/JKF-06.1.full
26,2010,Caire,Table 1,Yangochiroptera,Vespertilionidae,Myotis velifer,Myotis velifer,cave,,USA,northern,36.70021486,-99.14778157,Cfa,1980Ð1981,1980,Male,Adult,,,,,10,3,152.085,,Oct,Mar,,,,13,0.63,21,11.5,0.79,20,post,11.5,1.5,0.050105,13.04347826,0.122602322,0.000347789,,,
26,2010,Caire,Table 1,Yangochiroptera,Vespertilionidae,Myotis velifer,Myotis velifer,cave,,USA,northern,36.70021486,-99.14778157,Cfa,1981Ð1982,1981,Male,Adult,,,,,10,3,152.085,,Oct,Mar,,,,13,1.17,15,11.5,0.89,30,post,11.5,1.5,0.117663333,13.04347826,0.122602322,0.000739647,,,
26,2010,Caire,Table 1,Yangochiroptera,Vespertilionidae,Myotis velifer,Myotis velifer,cave,,USA,northern,36.70021486,-99.14778157,Cfa,1982Ð1983,1982,Male,Adult,,,,,10,3,152.085,,Oct,Mar,,,,13,1.04,40,11.3,0.71,25,post,11.3,1.7,0.047204,15.04424779,0.140146632,0.000317914,,,
26,2010,Caire,Table 1,Yangochiroptera,Vespertilionidae,Myotis velifer,Myotis velifer,cave,,USA,northern,36.70021486,-99.14778157,Cfa,1984Ð1985,1984,Male,Adult,,,,,10,3,152.085,,Oct,Mar,,,,12,0.84,28,11.2,0.61,25,post,11.2,0.8,0.040084,7.142857143,0.068992871,0.000293654,,,
26,2010,Caire,Table 1,Yangochiroptera,Vespertilionidae,Myotis velifer,Myotis velifer,cave,,USA,northern,36.70021486,-99.14778157,Cfa,1985Ð1986,1985,Male,Adult,,,,,10,3,152.085,,Oct,Mar,,,,13,0.94,12,11.6,0.75,25,post,11.6,1.4,0.096133333,12.06896552,0.113944259,0.000602912,,,
26,2010,Caire,Table 1,Yangochiroptera,Vespertilionidae,Myotis velifer,Myotis velifer,cave,,USA,northern,36.70021486,-99.14778157,Cfa,2005Ð2006,2005,Male,Adult,,,,,10,3,152.085,,Oct,Mar,,,,14.2,0.78,20,10.4,0.62,49,post,10.4,3.8,0.038264898,36.53846154,0.311436158,0.000223393,,,
26,2010,Caire,Table 1,Yangochiroptera,Vespertilionidae,Myotis velifer,Myotis velifer,cave,,USA,northern,36.70021486,-99.14778157,Cfa,1979-1980,1979,Female,Adult,,,,,10,3,152.085,,Oct,Mar,,,,16.1,1.07,24,12.2,0.88,20,post,12.2,3.9,0.086424167,31.96721311,0.27738332,0.000444182,,,
26,2010,Caire,Table 1,Yangochiroptera,Vespertilionidae,Myotis velifer,Myotis velifer,cave,,USA,northern,36.70021486,-99.14778157,Cfa,1980Ð1981,1980,Female,Adult,,,,,10,3,152.085,,Oct,Mar,,,,15.3,0.94,24,11.5,0.86,29,post,11.5,3.8,0.062320115,33.04347826,0.285505793,0.000350118,,,
26,2010,Caire,Table 1,Yangochiroptera,Vespertilionidae,Myotis velifer,Myotis velifer,cave,,USA,northern,36.70021486,-99.14778157,Cfa,1981Ð1982,1981,Female,Adult,,,,,10,3,152.085,,Oct,Mar,,,,15.7,0.99,42,12.3,0.81,37,post,12.3,3.4,0.041068147,27.64227642,0.24406145,0.00021188,,,
26,2010,Caire,Table 1,Yangochiroptera,Vespertilionidae,Myotis velifer,Myotis velifer,cave,,USA,northern,36.70021486,-99.14778157,Cfa,1982Ð1983,1982,Female,Adult,,,,,10,3,152.085,,Oct,Mar,,,,15.8,1.12,40,11.9,0.62,25,post,11.9,3.9,0.046736,32.77310924,0.28347154,0.000234201,,,
26,2010,Caire,Table 1,Yangochiroptera,Vespertilionidae,Myotis velifer,Myotis velifer,cave,,USA,northern,36.70021486,-99.14778157,Cfa,1984Ð1985,1984,Female,Adult,,,,,10,3,152.085,,Oct,Mar,,,,15.4,1.33,28,11.9,0.91,25,post,11.9,3.5,0.096299,29.41176471,0.257829109,0.000500291,,,
26,2010,Caire,Table 1,Yangochiroptera,Vespertilionidae,Myotis velifer,Myotis velifer,cave,,USA,northern,36.70021486,-99.14778157,Cfa,1985Ð1986,1985,Female,Adult,,,,,10,3,152.085,,Oct,Mar,,,,15.1,1.16,24,11.9,0.71,48,post,11.9,3.2,0.06656875,26.8907563,0.238156344,0.000320058,,,
26,2010,Caire,Table 1,Yangochiroptera,Vespertilionidae,Myotis velifer,Myotis velifer,cave,,USA,northern,36.70021486,-99.14778157,Cfa,2005Ð2006,2005,Female,Adult,,,,,10,3,152.085,,Oct,Mar,,,,15.1,1,19,11,0.78,34,post,11,4.1,0.070525697,37.27272727,0.316799471,0.000378715,,,
27,2016,McGuire,Fig 2,Yangochiroptera,Vespertilionidae,Myotis lucifugus,Myotis lucifugus,cave,,USA,northern,53.166667,-99.266667,Dfb,2013,2013,Male,Adult,20/8/2013,10/9/2013,,,,,21,Aug,Sep,,9.201657459,1.091946706,40,12.63551258,1.594890246,48,,,,pre,9.201657459,3.433855126,0.082801917,37.31778912,0.317127682,0.000683976,,No evidence of hyperphagia during prehibernation in a northern population of little brown bats (Myotis lucifugus),https://cdnsciencepub.com/doi/full/10.1139/cjz-2016-0110?casa_token=CKUEbuevlZIAAAAA%3AunXZeepIzQYR94m2SGRo3DNPj6Xo37Wyxi_6WEDGeScGfWX0Lti8SpdogbwSpiNzdIofDYqVtPLAPw
27,2016,McGuire,Fig 2,Yangochiroptera,Vespertilionidae,Myotis lucifugus,Myotis lucifugus,cave,,USA,northern,53.166667,-99.266667,Dfb,2013,2013,Female,Adult,20/8/2013,10/9/2013,,,,,21,Aug,Sep,,9.64281768,1.083620923,36,13.58037139,1.426404018,40,,,,pre,9.64281768,3.937553713,0.08348333,40.83405747,0.342412114,0.000626592,,,
28,2011,Suba,Table 1,Yangochiroptera,Vespertilionidae,Myotis daubentonii,Myotis daubentonii,cave,,Latvia,northern,57.316667,25.35,Dfb,2006-2007,2006,Male,Adult,,,,8,9,,30.417,Aug,Sep,,8.46,1.272792206,72,11.17,2.019108714,52,,,,pre,8.46,2.71,0.1009,32.03309693,0.277882439,0.000942732,,Body weight provides insights into the feeding strategy of swarming bats,Êhttps://doi.org/10.4404/hystrix-22.1-4516
28,2011,Suba,Table 1,Yangochiroptera,Vespertilionidae,Myotis daubentonii,Myotis daubentonii,cave,,Latvia,northern,57.316667,25.35,Dfb,2006-2007,2006,Female,Adult,,,,8,9,,30.417,Aug,Sep,,9.15,1.045705503,15,11.74,1.910523488,69,,,,pre,9.15,2.59,0.1258,28.30601093,0.249247935,0.001254546,,,
28,2011,Suba,Table 1,Yangochiroptera,Vespertilionidae,Myotis brandtii,Myotis brandtii,broad,,Latvia,northern,57.316667,25.35,Dfb,2006-2007,2006,Male,Adult,,,,8,9,,30.417,Aug,Sep,,7.1,1.236931688,68,9.08,0.98630624,38,,,,pre,7.1,1.98,0.0481,27.88732394,0.245979409,0.000756845,,,
28,2011,Suba,Table 1,Yangochiroptera,Vespertilionidae,Myotis brandtii,Myotis brandtii,broad,,Latvia,northern,57.316667,25.35,Dfb,2006-2007,2006,Female,Adult,,,,8,9,,30.417,Aug,Sep,,7.39,1.376735269,26,9.07,0.602494813,30,,,,pre,7.39,1.68,0.085,22.73342355,0.204844529,0.001481955,,,
28,2011,Suba,Table 1,Yangochiroptera,Vespertilionidae,Myotis dasycneme,Myotis dasycneme,cave,,Latvia,northern,57.316667,25.35,Dfb,2006-2007,2006,Male,Adult,,,,8,9,,30.417,Aug,Sep,,16.55,1.656381599,19,20.19,3.577708764,20,,,,pre,16.55,3.64,0.7844,21.9939577,0.198801331,0.002097223,,,
28,2011,Suba,Table 1,Yangochiroptera,Vespertilionidae,Myotis dasycneme,Myotis dasycneme,cave,,Latvia,northern,57.316667,25.35,Dfb,2006-2007,2006,Female,Adult,,,,8,9,,30.417,Aug,Sep,,18.96,4.139637665,6,23.17,2.155550974,24,,,,pre,18.96,4.21,3.0497,22.20464135,0.200526842,0.008305675,,,
29,2008,Srivastava,Fig 1,Yangochiroptera,Vespertilionidae,Scotophilus heathi,Scotophilus heathii,broad,,India,northern,25.26992136,82.99146424,Cwa,,,Female,Adult,,,,9,11,,60.834,Sep,Nov,,30.4350907,1.948596729,8,45.09952129,1.948596729,8,,,,pre,30.4350907,14.66443059,0.949257303,48.18264133,0.39327539,0.000745746,,"Seasonal adiposity, correlative changes in metabolic factors and unique reproductive activity in a vespertilionid bat, Scotophilus heathi",https://onlinelibrary.wiley.com/doi/abs/10.1002/jez.440?casa_token=XK_paWtN3YQAAAAA:AOGFpSfvE0XEIpq3z8KbV9hXXpWwZZ8QIsYwu9o4AtJGcrMj_8MP4FLxUpY5Edxj4jgX6NdW143LSip9
29,2008,Srivastava,Fig 1,Yangochiroptera,Vespertilionidae,Scotophilus heathi,Scotophilus heathii,broad,,India,northern,25.26992136,82.99146424,Cwa,,,Female,Adult,,,,,11,2,91.251,,Nov,Feb,,,,45.09952129,1.948596729,8,31.32086168,2.505338652,8,post,31.32086168,13.77865961,1.259218872,43.99195575,0.364587249,0.00103314,,,
30,2016,McMichael,Fig 2,Yinpterochiroptera,Pteropodidae,Pteropus alecto,Pteropus alecto,tree,,Australia,southern,-27.99696653,152.6878523,Cfa,2013-2014,2013,Male,Adult,,,,4,5,,30.417,Apr,May,,751.4285714,81.59756899,58,883.5714286,149.5955432,58,,,,pre,751.4285714,132.1428572,500.6377554,17.58555134,0.161995979,0.000697533,,"Temporal Variation in Physiological Biomarkers in Black Flying-Foxes (Pteropus alecto), Australia",https://link.springer.com/article/10.1007/s10393-016-1113-0
30,2016,McMichael,Fig 2,Yinpterochiroptera,Pteropodidae,Pteropus alecto,Pteropus alecto,tree,,Australia,southern,-27.99696653,152.6878523,Cfa,2013-2014,2013,Male,Adult,,,,,5,8,91.251,,May,Aug,,,,883.5714286,149.5955432,58,780,81.59756899,58,post,780,103.5714286,500.6377554,13.27838828,0.124678216,0.000682911,,,
30,2016,McMichael,Fig 2,Yinpterochiroptera,Pteropodidae,Pteropus alecto,Pteropus alecto,tree,,Australia,southern,-27.99696653,152.6878523,Cfa,2013-2014,2013,Female,Adult,,,,4,5,,30.417,Apr,May,,674.6428571,67.99797416,58,747.8571429,108.7967587,58,,,,pre,674.6428571,73.21428576,283.8010206,10.85230281,0.103028524,0.000540046,,,
30,2016,McMichael,Fig 2,Yinpterochiroptera,Pteropodidae,Pteropus alecto,Pteropus alecto,tree,,Australia,southern,-27.99696653,152.6878523,Cfa,2013-2014,2013,Female,Adult,,,,,5,8,91.251,,May,Aug,,,,747.8571429,108.7967587,58,656.7857143,67.99797416,58,post,656.7857143,91.07142857,283.8010206,13.86623165,0.129854167,0.0005497,,,
31,2018,Richardson,Fig 3,Yangochiroptera,Vespertilionidae,Eptesicus fuscus,Eptesicus fuscus,broad,,USA,northern,42.07627189,-71.12775818,Cfa,1997,1997,Female,Adult,29/7/1997,7/9/1997,,,,,40,Jul,Sep,,16.03243243,0.714034299,5,20.03063063,1.629542716,5,,,,pre,16.03243243,3.998198198,0.633050889,24.93818836,0.222648936,0.001720354,,"Seasonal and Sexual Variation in Metabolism, Thermoregulation, and Hormones in the Big Brown Bat (Eptesicus fuscus)",https://www.journals.uchicago.edu/doi/full/10.1086/695424?casa_token=6Up4_pwDrWwAAAAA%3Abm-lwVxnZZp3ICBPGf2fG1zFY61oSvkTsTZT3NWlAfLDiHkmlbPxpwzkvBHXTVkjaPzrBbPNFoiN
32,2007,Townsend,Fig 1,Yangochiroptera,Vespertilionidae,Myotis lucifugus,Myotis lucifugus,cave,,USA,northern,42.63373252,-71.08634699,Dfa,2005,2005,Female,Adult,28/7/2005,10/9/2005,,,,,44,Jul,Sep,,6.204819277,0.685795155,10,8.734939759,0.91439354,10,,,,pre,6.204819277,2.530120482,0.130643054,40.77669903,0.342004754,0.002317443,,"Changes in body mass, serum leptin, and mRNA levels of leptin receptor isoforms during the premigratory period in Myotis lucifugus",https://link.springer.com/article/10.1007/s00360-007-0215-y
33,2008,Singh,Fig 1,Yangochiroptera,Emballonuridae,Taphozous longimanus,Taphozous longimanus,broad,,India,northern,25.26992136,82.99146424,Cwa,2002-2005,2003,Female,Adult,,,,10,11,,30.417,Oct,Nov,,26.03592314,3.581125355,6,33.13700919,5.627482701,6,,,,pre,26.03592314,7.101086048,7.415503392,27.27418579,0.241173516,0.007959868,,"Changes in Serum Leptin, Insulin, Androstenedione and Luteinizing Hormone During Ovarian Cycle in the Bat, Taphozous Longimanus",https://link.springer.com/article/10.1556/ABiol.59.2008.1.1
33,2008,Singh,Fig 1,Yangochiroptera,Emballonuridae,Taphozous longimanus,Taphozous longimanus,broad,,India,northern,25.26992136,82.99146424,Cwa,2002-2005,2003,Female,Adult,,,,,11,1,60.834,,Nov,Jan,,,,33.13700919,5.627482701,6,24.88721805,3.325330687,6,post,24.88721805,8.249791145,7.121064287,33.14870762,0.28629642,0.007782278,,,
34,2007,Singh,Fig 1,Yangochiroptera,Emballonuridae,Taphozous longimanus,Taphozous longimanus,broad,,India,northern,25.26992136,82.99146424,Cwa,2002-2005,2003,Male,Adult,,,,10,11,,30.417,Oct,Nov,,27.74611399,4.822829545,6,33.13471503,3.299830742,6,,,,pre,27.74611399,5.388601036,5.691427958,19.42110177,0.177485731,0.006688538,,Year round plasma leptin and androgen concentrations in a tropical bat,https://link.springer.com/article/10.1007/BF03194208
34,2007,Singh,Fig 1,Yangochiroptera,Emballonuridae,Taphozous longimanus,Taphozous longimanus,broad,,India,northern,25.26992136,82.99146424,Cwa,2002-2005,2003,Male,Adult,,,,,11,1,60.834,,Nov,Jan,,,,33.13471503,3.299830742,6,25.05181347,4.315163277,6,post,25.05181347,8.082901554,4.918252839,32.2647363,0.279635306,0.006597956,,,
35,2004,Galindo,Fig 2,Yangochiroptera,Phyllostomidae,Leptonycteris curasoae,Leptonycteris curasoae,cave,,Mexico,northern,18.354167,-98.891667,As,1993-1995,1994,Female,Adult,,,,5,11,,182.502,May,Nov,,24.63776276,0.645176426,39,33.20101351,0.997090841,34,,,,pre,24.63776276,8.563250751,0.039914031,34.75660852,0.298300065,4.41E-05,,Population Dynamics of a Resident Colony of Leptonycteris curasoae (Chiroptera: Phyllostomidae) in Central MŽxico,https://onlinelibrary.wiley.com/doi/abs/10.1111/j.1744-7429.2004.tb00331.x?casa_token=YTXwj8_xvC0AAAAA:LR55qP3EiBlpGeFrrRaYT5J0765-OwE8HT11X8IqYt2854j555PjeIgsmjEYmVRErXhDGjG_oCcu-Aev
35,2004,Galindo,Fig 2,Yangochiroptera,Phyllostomidae,Leptonycteris curasoae,Leptonycteris curasoae,cave,,Mexico,northern,18.354167,-98.891667,As,1993-1995,1994,Female,Adult,,,,,11,2,91.251,,Nov,Feb,,,,33.20101351,0.997090841,34,23.52336712,0.821133634,23,post,23.52336712,9.677646396,0.058556558,41.14056609,0.34458613,7.95E-05,,,
36,2007,Encarnacao,Fig 1,Yangochiroptera,Vespertilionidae,Myotis daubentonii,Myotis daubentonii,cave,,Germany,northern,50.66841796,8.740997395,Cfb,1998-2001,1999,Male,Adult,,,,7,9,,60.834,Jul,Sep,,8,,164,8.6,,82,,,,pre,8,0.6,,7.5,0.072320662,,,"Body mass changes in male Daubenton's bats Myotis daubentonii (Chiroptera, Vespertilionidae) during the seasonal activity period",https://www.degruyter.com/document/doi/10.1515/mamm.2004.028/html
37,2004,Kokurewicz,Table 2,Yangochiroptera,Vespertilionidae,Myotis daubentonii,Myotis daubentonii,cave,,Poland,northern,50.766667,15.766667,Cfb,1987-1991,1989,Male,Adult,,,,,11,3,121.668,,Nov,Mar,,,,10,1.1,17,7.9,0.85,15,post,7.9,2.1,0.119343137,26.58227848,0.235722334,0.001483543,,"Sex and age related habitat selection and mass dynamics of Daubenton's bats Myotis daubentonii (Kuhl, 1817) hibernating in natural conditions",https://www.ingentaconnect.com/content/miiz/actac/2004/00000006/00000001/art00010?crawler=true&mimetype=application/pdf&casa_token=xvj8fNXT-D4AAAAA:MC2dJ-ZTnkSYx4DWGWG6ZIy_gG2O0Zo-P3Xr7e4-ypL6RdNYpzVsuomztH9P1QsW4ZDmO8VSELjVbxqJi2kCQQ
37,2004,Kokurewicz,Table 2,Yangochiroptera,Vespertilionidae,Myotis daubentonii,Myotis daubentonii,cave,,Poland,northern,50.766667,15.766667,Cfb,1987-1991,1989,Female,Adult,,,,,11,3,121.668,,Nov,Mar,,,,11.4,1,22,9.3,0.93,23,post,9.3,2.1,0.083058893,22.58064516,0.203598955,0.000784541,,,
38,2002,Singh,Fig 1,Yangochiroptera,Emballonuridae,Taphozous longimanus,Taphozous longimanus,broad,,India,northern,25.26992136,82.99146424,Cwa,1996-1999,1997,Female,Adult,,,,8,11,,91.251,Aug,Nov,,24.36149691,5.64957125,6,32.17190016,3.851980398,6,,,,pre,24.36149691,7.810403247,7.792568049,32.0604406,0.278089515,0.01135264,,"Seasonal changes in circulating steroid concentration and their correlation with the ovarian activity in the female Indian sheath-tailed bat, Taphozous longimanus",https://onlinelibrary.wiley.com/doi/abs/10.1002/jez.10086
38,2002,Singh,Fig 1,Yangochiroptera,Emballonuridae,Taphozous longimanus,Taphozous longimanus,broad,,India,northern,25.26992136,82.99146424,Cwa,1996-1999,1997,Female,Adult,,,,,11,2,91.251,,Nov,Feb,,,,32.17190016,3.851980398,6,25.30503556,3.851980398,6,post,25.30503556,6.8668646,4.945917661,27.13635625,0.240089996,0.006251178,,,
39,2002,Hayashi,Fig 1,Yinpterochiroptera,Rhinolophidae,Rhinolophus ferrumequinum,Rhinolophus ferrumequinum,cave,,Japan,northern,36.71764176,136.9810342,Cfa,,,Male,Adult,,,,8,11,,91.251,Aug,Nov,,22.33333333,4.041451884,12,30,3,9,,,,pre,22.33333333,7.666666667,2.361111111,34.32835821,0.295117051,0.003840004,,"Basic properties and annual changes of follicle-stimulating hormone receptors in the testis of horseshoe bats, Rhinolophus ferrumequinum",https://onlinelibrary.wiley.com/doi/abs/10.1002/jez.10012?casa_token=8XCypItMkDIAAAAA:KPyzirg-QWd6el512RMeJ8FdbGdnL2_n3i14WRUdbzQX5-OQV44zBiwVh9TEBKrumoYRsi2DfmwvTAld
39,2002,Hayashi,Fig 1,Yinpterochiroptera,Rhinolophidae,Rhinolophus ferrumequinum,Rhinolophus ferrumequinum,cave,,Japan,northern,36.71764176,136.9810342,Cfa,,,Male,Adult,,,,,11,1,60.834,,Nov,Jan,,,,30,3,9,24.33333333,2.309401077,12,post,24.33333333,5.666666667,1.444444444,23.28767123,0.209350229,0.001861721,,,
40,2002,Singh,Fig 1,Yangochiroptera,Emballonuridae,Taphozous longimanus,Taphozous longimanus,broad,,India,northern,25.26992136,82.99146424,Cwa,1997-1999,1998,Female,Adult,,,,9,11,,60.834,Sep,Nov,,26.26269415,3.429505128,6,31.86305257,4.115406154,6,,,,pre,26.26269415,5.600358423,4.783012206,21.32438657,0.193297653,0.005622409,,"Seasonal changes in thyroid activity in the female sheath-tailed bat, Taphozous longimanus (Chiroptera: Emballonuridae)",https://akjournals.com/view/journals/018/53/3/article-p267.xml
40,2002,Singh,Fig 1,Yangochiroptera,Emballonuridae,Taphozous longimanus,Taphozous longimanus,broad,,India,northern,25.26992136,82.99146424,Cwa,1997-1999,1998,Female,Adult,,,,,11,1,60.834,,Nov,Jan,,,,31.86305257,4.115406154,6,25.23596177,5.487208205,6,post,25.23596177,6.6270908,7.841003616,26.2605042,0.23317708,0.01066009,,,
41,2002,Krishna,Fig 1,Yangochiroptera,Vespertilionidae,Scotophilus heathi,Scotophilus heathii,broad,,India,northern,25.26992136,82.99146424,Cwa,1992-1994,1993,Female,Adult,,,,10,11,,30.417,Oct,Nov,,29.90360697,1.269428764,6,45.06218905,2.221500337,6,,,,pre,29.90360697,15.15858209,1.091085522,50.69148383,0.410064407,0.000705401,,"Relationship between corticosterone and body weight, androstenedione and insulin during the period of delayed ovulation in a vespertilionid bat, Scotophilus heathi",https://akjournals.com/view/journals/018/53/3/article-p279.xml
41,2002,Krishna,Fig 1,Yangochiroptera,Vespertilionidae,Scotophilus heathi,Scotophilus heathii,broad,,India,northern,25.26992136,82.99146424,Cwa,1992-1994,1993,Female,Adult,,,,,11,3,121.668,,Nov,Mar,,,,45.06218905,2.221500337,6,30.81053068,1.269428764,6,post,30.81053068,14.25165837,1.091085522,46.255803,0.380186978,0.00068798,,,
42,2001,Young,Fig 4,Yinpterochiroptera,Rhinolophidae,Rhinolophus megaphyllus,Rhinolophus megaphyllus,cave,,Australia,southern,-27.35849499,152.1849262,Cfa,1970-1993,1981,Male,Adult,,,,4,6,,60.834,Apr,Jun,,10.5,,73,10.75,,58,,,,pre,10.5,0.25,,2.380952381,0.023530497,,,"The eastern horseshoe bat, Rhinolophus megaphyllus, in south-east Queensland, Australia: colony demography and dynamics, activity levels, seasonal weight changes, and capture-recapture analyses",https://www.publish.csiro.au/wr/wr99106
42,2001,Young,Fig 4,Yinpterochiroptera,Rhinolophidae,Rhinolophus megaphyllus,Rhinolophus megaphyllus,cave,,Australia,southern,-27.35849499,152.1849262,Cfa,1970-1993,1981,Male,Adult,,,,,6,8,60.834,,Jun,Aug,,,,10.75,,58,10.61111111,,51,post,10.61111111,0.138888889,,1.308900524,0.013004084,,,,
42,2001,Young,Fig 4,Yinpterochiroptera,Rhinolophidae,Rhinolophus megaphyllus,Rhinolophus megaphyllus,cave,,Australia,southern,-27.35849499,152.1849262,Cfa,1970-1993,1981,Female,Adult,,,,4,6,,60.834,Apr,Jun,,10.83333333,,25,11.05555556,,69,,,,pre,10.83333333,0.222222222,,2.051282051,0.020305266,,,,
42,2001,Young,Fig 4,Yinpterochiroptera,Rhinolophidae,Rhinolophus megaphyllus,Rhinolophus megaphyllus,cave,,Australia,southern,-27.35849499,152.1849262,Cfa,1970-1993,1981,Female,Adult,,,,,6,7,30.417,,Jun,Jul,,,,11.05555556,,69,10.75,,32,post,10.75,0.305555556,,2.842377261,0.028027312,,,,
43,2001,Koteja,Fig 4,Yangochiroptera,Vespertilionidae,Myotis myotis,Myotis myotis,cave,,Poland,northern,50.87946809,15.94193534,Cfb,1995-1996,1995,Female,Adult,,,,,12,4,121.668,,Dec,Apr,,,,29.51633987,0.980392157,15,24.74509804,1.307189542,7,post,24.74509804,4.77124183,0.308184276,19.28156366,0.176316594,0.000472208,,Energy balance of hibernating mouse-eared batMyotis myotis: a study with a TOBEC instrument,https://link.springer.com/article/10.1007/BF03192411
43,2001,Koteja,Fig 4,Yangochiroptera,Vespertilionidae,Myotis myotis,Myotis myotis,cave,,Poland,northern,50.87946809,15.94193534,Cfb,1995-1996,1995,Male,Adult,,,,,12,4,121.668,,Dec,Apr,,,,29.18954248,0.91503268,11,23.56862745,1.764705882,10,post,23.56862745,5.620915033,0.387535486,23.84914032,0.213894029,0.000649966,,,
43,2001,Koteja,Fig 4,Yangochiroptera,Vespertilionidae,Myotis myotis,Myotis myotis,cave,,Poland,northern,52.42049005,16.9279277,Cfb,1995-1996,1995,Female,Adult,,,,,12,4,121.668,,Dec,Apr,,,,29.38562092,1.764705882,8,26.44444444,1.503267974,13,post,26.44444444,2.941176471,0.563105249,11.1220959,0.105459374,0.000699378,,,
43,2001,Koteja,Fig 4,Yangochiroptera,Vespertilionidae,Myotis myotis,Myotis myotis,cave,,Poland,northern,52.42049005,16.9279277,Cfb,1995-1996,1995,Male,Adult,,,,,12,4,121.668,,Dec,Apr,,,,27.62091503,1.111111111,11,23.89542484,0.849673203,15,post,23.89542484,3.725490196,0.160363082,15.59080963,0.144886266,0.000231403,,,
44,2000,Singh,Table 1,Yangochiroptera,Emballonuridae,Taphozous longimanus,Taphozous longimanus,cave,,India,northern,25.26992136,82.99146424,Cwa,1996-1998,1996,Male,Adult,,,,8,11,,91.251,Aug,Nov,,25.1,7.274613392,12,33.2,4.849742261,12,,,,pre,25.1,8.1,6.37,32.27091633,0.27968203,0.008778086,,"Seasonal changes in circulating testosterone and androstenedione concentration and their correlation with the anomalous reproductive pattern in the male Indian sheath-tailed bat, Taphozous longimanus",https://onlinelibrary.wiley.com/doi/abs/10.1002/1097-010X(20000615)287:1%3C54::AID-JEZ7%3E3.0.CO;2-Z?casa_token=0b0P6NLfVLcAAAAA:vV7wNUmUw55TjZyWLoLKYKuHuU_moB9TXi3jCrMqf-mxXfV_bpYO6WgXzvSjx1J16oBMl7xvlw8aoTfp
44,2000,Singh,Table 1,Yangochiroptera,Emballonuridae,Taphozous longimanus,Taphozous longimanus,cave,,India,northern,25.26992136,82.99146424,Cwa,1996-1998,1996,Male,Adult,,,,,11,3,121.668,,Nov,Mar,,,,33.2,4.849742261,12,24.4,6.581793069,12,post,24.4,8.8,5.57,36.06557377,0.307966744,0.007841755,,,
45,1999,Cotterill,Fig 3,Yinpterochiroptera,Hipposideridae,Hipposideros commersoni,Hipposideros commersoni,cave,,Zimbabwe,southern,-18.3,29.416667,Cwa,1988-1990,1989,Male,Adult,,,,,6,8,60.834,,Jun,Aug,,,,105.0416667,14.58333333,20,103.5833333,9.041666667,20,post,103.5833333,1.458333333,14.72126736,1.407884151,0.013980655,0.001344708,,Reproductive ecology of Commerson's leaf-nosed bats Hipposideros commersoni (Chiroptera: Hipposideridae) in South-Central Africa: interactions between seasonality and large body size; and implications for conservation,https://www.tandfonline.com/doi/abs/10.1080/02541858.1999.11448488
45,1999,Cotterill,Fig 3,Yinpterochiroptera,Hipposideridae,Hipposideros commersoni,Hipposideros commersoni,cave,,Zimbabwe,southern,-18.3,29.416667,Cwa,1988-1990,1989,Female,Adult,,,,,6,8,60.834,,Jun,Aug,,,,78.5,6.416666667,20,72.375,5.25,20,post,72.375,6.125,3.436805556,8.462867012,0.081237689,0.000597174,,,
46,1999,Korine,Table 2,Yinpterochiroptera,Pteropodidae,Rousettus aegyptiacus,Rousettus aegyptiacus,tree,,Israel,northern,32.7563631,34.99414782,Csa,1994-1995,1994,Both,Adult,,,,,10,3,152.085,,Oct,Mar,,,,165.46,8.85,8,128.44,23.91,6,post,128.44,37.02,105.0716625,28.82279664,0.253267605,0.006133346,,Diurnal and seasonal changes in blood composition of the free-living Egyptian fruit bat (Rousettus aegyptiacus),https://link.springer.com/article/10.1007/s003600050222
47,1998,Krishna,Table 1,Yangochiroptera,Vespertilionidae,Scotophilus heathi,Scotophilus heathii,broad,,India,northern,25.26992136,82.99146424,Cwa,1992-1993,1992,Male,Adult,,,,8,11,,91.251,Aug,Nov,,34.33,3.890758281,5,45,2.437314095,5,,,,pre,34.33,10.67,4.2157,31.08068745,0.270642882,0.003155638,,Changes in circulating insulin and corticosterone concentrations during different reproductive phases and their relationships to body weight and androstenedione concentration of male Scotophilus heathi,https://onlinelibrary.wiley.com/doi/abs/10.1002/(sici)1097-010x(19980615)281:3%3C201::aid-jez5%3E3.0.co;2-r
47,1998,Krishna,Table 1,Yangochiroptera,Vespertilionidae,Scotophilus heathi,Scotophilus heathii,broad,,India,northern,25.26992136,82.99146424,Cwa,1992-1993,1992,Male,Adult,,,,,11,2,91.251,,Nov,Feb,,,,45,2.437314095,5,32.83,1.565247584,5,post,32.83,12.17,1.678099999,37.06975327,0.315319758,0.001041342,,,
48,1998,Kunz,Table 1,Yangochiroptera,Vespertilionidae,Myotis lucifugus,Myotis lucifugus,cave,,USA,northern,43.24788115,-73.03842818,Dfb,1976,1976,Male,Adult,14/8/1976,17/9/1976,,,,,34,Aug,Sep,,7,0.435889894,19,9.3,1.002546757,19,,,,pre,7,2.3,0.0629,32.85714286,0.284104251,0.000815713,,Changes in body mass and fat reserves in prehibernating little brown bats (Myotis lucifugus),https://www.jstor.org/stable/42900766?casa_
48,1998,Kunz,Table 1,Yangochiroptera,Vespertilionidae,Myotis lucifugus,Myotis lucifugus,cave,,USA,northern,43.24788115,-73.03842818,Dfb,1976,1976,Female,Adult,14/8/1976,17/9/1976,,,,,34,Aug,Sep,,7.1,0.389743505,31,9.2,0.72,16,,,,pre,7.1,2.1,0.0373,29.57746479,0.2591087,0.000480001,,,
49,1990,Taylor,Fig 6,Yangochiroptera,Vespertilionidae,Chalinolobus morio,Chalinolobus morio,tree,,Australia,southern,-42.483333,147.583333,Cfb,1985-1986,1985,Female,Adult,,,,1,3,,60.834,Jan,Mar,,8.867132867,0.538461538,8,10.94755245,0.685314685,5,,,,pre,8.867132867,2.08041958,0.130173847,23.46214511,0.210764406,0.001244696,,Annual Activity and Weight Cycles of Bats in South-Eastern Tasmania,https://www.publish.csiro.au/WR/WR9900181
49,1990,Taylor,Fig 6,Yangochiroptera,Vespertilionidae,Chalinolobus morio,Chalinolobus morio,tree,,Australia,southern,-42.483333,147.583333,Cfb,1985-1986,1985,Female,Adult,,,,,3,11,243.336,,Mar,Nov,,,,10.94755245,0.685314685,5,8.671328671,0.391608392,8,post,8.671328671,2.276223776,0.113100885,26.25,0.233093882,0.00103869,,,
49,1990,Taylor,Fig 6,Yangochiroptera,Vespertilionidae,Chalinolobus morio,Chalinolobus morio,tree,,Australia,southern,-42.483333,147.583333,Cfb,1985-1986,1985,Male,Adult,,,,2,7,,152.085,Feb,Aug,,8.576923077,0.538461538,11,10.9020979,0.171328671,5,,,,pre,8.576923077,2.325174825,0.03222896,27.10966164,0.239880005,0.000407699,,,
49,1990,Taylor,Fig 6,Yangochiroptera,Vespertilionidae,Chalinolobus morio,Chalinolobus morio,tree,,Australia,southern,-42.483333,147.583333,Cfb,1985-1986,1985,Male,Adult,,,,,7,10,91.251,,Aug,Oct,,,,10.9020979,0.171328671,5,8.20979021,0.269230769,7,post,8.20979021,2.692307692,0.016225732,32.79386712,0.283627869,0.000203027,,,
49,1990,Taylor,Fig 6,Yangochiroptera,Vespertilionidae,Eptesicus regulus,Eptesicus regulus,tree,,Australia,southern,-42.483333,147.583333,Cfb,1985-1986,1985,Female,Adult,,,,2,5,,91.251,Feb,May,,5.293706294,0.318181818,13,5.979020979,,1,,,,pre,5.293706294,0.685314685,0.007787667,12.94583884,0.121738215,0.000277899,,,
49,1990,Taylor,Fig 6,Yangochiroptera,Vespertilionidae,Eptesicus regulus,Eptesicus regulus,tree,,Australia,southern,-42.483333,147.583333,Cfb,1985-1986,1985,Female,Adult,,,,,5,9,121.668,,May,Sep,,,,5.979020979,,1,5.342657343,0.342657343,50,post,5.342657343,0.636363636,0.002348281,11.91099476,0.11253368,8.23E-05,,,
49,1990,Taylor,Fig 6,Yangochiroptera,Vespertilionidae,Eptesicus regulus,Eptesicus regulus,tree,,Australia,southern,-42.483333,147.583333,Cfb,1985-1986,1985,Male,Adult,,,,3,4,,30.417,Mar,Apr,,5.076923077,0.416083916,9,5.590909091,0.538461538,7,,,,pre,5.076923077,0.513986014,0.060656321,10.12396694,0.096436517,0.002071401,,,
49,1990,Taylor,Fig 6,Yangochiroptera,Vespertilionidae,Eptesicus regulus,Eptesicus regulus,tree,,Australia,southern,-42.483333,147.583333,Cfb,1985-1986,1985,Male,Adult,,,,,4,10,182.502,,Apr,Oct,,,,5.590909091,0.538461538,7,4.611888112,0.293706294,10,post,4.611888112,0.979020979,0.050046457,21.22820318,0.19250456,0.001730666,,,
49,1990,Taylor,Fig 6,Yangochiroptera,Vespertilionidae,Nyctophilus geoffroyi,Nyctophilus geoffroyi,tree,,Australia,southern,-42.483333,147.583333,Cfb,1985-1986,1985,Female,Adult,,,,3,5,,60.834,Mar,May,,8.548951049,0.758741259,18,9.454545455,0.832167832,11,,,,pre,8.548951049,0.905594406,0.094937529,10.59304703,0.100687035,0.001141896,,,
49,1990,Taylor,Fig 6,Yangochiroptera,Vespertilionidae,Nyctophilus geoffroyi,Nyctophilus geoffroyi,tree,,Australia,southern,-42.483333,147.583333,Cfb,1985-1986,1985,Female,Adult,,,,,5,9,121.668,,May,Sep,,,,9.454545455,0.832167832,11,8.230769231,0.48951049,8,post,8.230769231,1.223776224,0.09290741,14.86830926,0.138616149,0.001146417,,,
50,1989,Dixon,Fig 4,Yangochiroptera,Vespertilionidae,Chalinolobus gouldii,Chalinolobus gouldii,tree,,Australia,southern,-37.77102611,145.0494812,Cfb,1974-1981,1977,Female,Adult,,,,3,5,,60.834,Mar,May,,15.91111111,,,18.8,,,,,,pre,15.91111111,2.888888889,,18.15642458,0.166839193,,,Observations on a maternity colony of GouldÕs Wattled Bat Chalinolobus gouldii (Chiroptera: Vespertilionidae),https://www.degruyter.com/document/doi/10.1515/mamm.1989.53.3.395/html
50,1989,Dixon,Fig 4,Yangochiroptera,Vespertilionidae,Chalinolobus gouldii,Chalinolobus gouldii,tree,,Australia,southern,-37.77102611,145.0494812,Cfb,1974-1981,1977,Female,Adult,,,,,5,8,91.251,,May,Aug,,,,18.8,,,13.11111111,,,post,13.11111111,5.688888889,,43.38983051,0.360396823,,,,
50,1989,Dixon,Fig 4,Yangochiroptera,Vespertilionidae,Chalinolobus gouldii,Chalinolobus gouldii,tree,,Australia,southern,-37.77102611,145.0494812,Cfb,1974-1981,1977,Male,Adult,,,,3,5,,60.834,Mar,May,,14.26666667,,,16.62222222,,,,,,pre,14.26666667,2.355555556,,16.51090343,0.152814674,,,,
50,1989,Dixon,Fig 4,Yangochiroptera,Vespertilionidae,Chalinolobus gouldii,Chalinolobus gouldii,tree,,Australia,southern,-37.77102611,145.0494812,Cfb,1974-1981,1977,Male,Adult,,,,,5,8,91.251,,May,Aug,,,,16.62222222,,,13.77777778,,,post,13.77777778,2.844444444,,20.64516129,0.1876835,,,,
51,1983,Yacoe,Table 1,Yangochiroptera,Vespertilionidae,Eptesicus fuscus,Eptesicus fuscus,broad,,USA,northern,42.30240244,-83.6896481,Dfa,,,Female,Adult,,,,,10,1,91.251,,Oct,Jan,,,,19.12,3.48245603,11,14.1,1.721162398,14,post,14.1,5.02,1.3141,35.60283688,0.30456011,0.004080135,,"Maintenance of the pectoralis muscle during hibernation in the big brown bat,Eptesicus fuscus",https://link.springer.com/article/10.1007/BF00689733
52,1982,Tidemann,Fig 3,Yangochiroptera,Vespertilionidae,Eptesicus vulturnus,Eptesicus vulturnus,tree,,Australia,southern,-35.66316548,150.2822781,Cfb,1979-1980,1979,Male,Adult,,,,2,4,,60.834,Feb,Apr,,3.508196721,0.170365653,12,3.918032787,0.260237834,7,,,,pre,3.508196721,0.409836066,0.012093523,11.68224299,0.110487537,0.000826765,,Sex differences in seasonal changes of brown adipose tissue and activity of the australian vespertilionid bat eptesicus vulturnus,https://www.publish.csiro.au/zo/zo9820015
52,1982,Tidemann,Fig 3,Yangochiroptera,Vespertilionidae,Eptesicus vulturnus,Eptesicus vulturnus,tree,,Australia,southern,-35.66316548,150.2822781,Cfb,1979-1980,1979,Male,Adult,,,,,4,9,152.085,,Apr,Sep,,,,3.918032787,0.260237834,7,3.557377049,0.163112695,11,post,3.557377049,0.360655738,0.012093523,10.13824885,0.096566198,0.000821369,,,
52,1982,Tidemann,Fig 3,Yangochiroptera,Vespertilionidae,Eptesicus vulturnus,Eptesicus vulturnus,tree,,Australia,southern,-35.66316548,150.2822781,Cfb,1979-1980,1979,Female,Adult,,,,2,4,,60.834,Feb,Apr,,3.64516129,0.118523697,6,4.516129032,0.14426245,5,,,,pre,3.64516129,0.870967742,0.006503642,23.89380531,0.214254604,0.00038029,,,
52,1982,Tidemann,Fig 3,Yangochiroptera,Vespertilionidae,Eptesicus vulturnus,Eptesicus vulturnus,tree,,Australia,southern,-35.66316548,150.2822781,Cfb,1979-1980,1979,Female,Adult,,,,,4,9,152.085,,Apr,Sep,,,,4.516129032,0.14426245,5,3.629032258,0.153013435,10,post,3.629032258,0.887096774,0.006503642,24.44444444,0.218689201,0.000381859,,,
53,1968,Dwyer,Table 3,Yangochiroptera,Miniopteridae,Miniopterus australis,Miniopterus australis,cave,,Australia,southern,-30.98289306,152.3347804,Cfa,1960-1966,1963,Both,Adult,,,,,5,8,91.251,,May,Sep,,,,7,0.3,80,7.1,0.3,42,post,7.1,-0.1,0.003267857,-1.408450704,-0.014184635,6.55E-05,,"The biology, origin and adaptation of the miniopterus australis (Chiroptera) in new south wales",https://www.publish.csiro.au/zo/ZO9680049
53,1968,Dwyer,Table 3,Yangochiroptera,Miniopteridae,Miniopterus orianae oceanensis,Miniopterus orianae oceanensis,cave,,Australia,southern,-30.98289306,152.3347804,Cfa,1960-1966,1963,Both,Adult,,,,,5,8,91.251,,May,Sep,,,,14.1,0.7,18,13.1,0.6,10,post,13.1,1,0.063222222,7.633587786,0.073562567,0.000346704,,,
54,1964,Dwyer,Fig 5,Yangochiroptera,Miniopteridae,Miniopterus orianae oceanensis,Miniopterus orianae oceanensis,cave,,Australia,southern,-31.08954778,152.6894109,Cfa,1960-1963,1961,Male,Adult,,,,6,7,,30.417,Jun,Jul,,14.32718894,0.912442396,13,15.15668203,0.525345622,16,,,,pre,14.32718894,0.829493088,0.081291646,5.789642972,0.056282436,0.00038708,,Seasonal changes in activity and weight of Minipterus schreibersi blepotis (Chiroptera) in north-eastern NSW,https://www.publish.csiro.au/ZO/ZO9640052
54,1964,Dwyer,Fig 5,Yangochiroptera,Miniopteridae,Miniopterus orianae oceanensis,Miniopterus orianae oceanensis,cave,,Australia,southern,-31.08954778,152.6894109,Cfa,1960-1963,1961,Male,Adult,,,,,7,8,30.417,,Jul,Aug,,,,15.15668203,0.525345622,16,14.24423963,0.442396313,25,post,14.24423963,0.912442396,0.025077831,6.40569395,0.062088904,0.00011367,,,
54,1964,Dwyer,Fig 5,Yangochiroptera,Miniopteridae,Miniopterus orianae oceanensis,Miniopterus orianae oceanensis,cave,,Australia,southern,-31.08954778,152.6894109,Cfa,1960-1963,1961,Female,Adult,,,,6,7,,30.417,Jun,Jul,,14.18055556,0.532407407,10,15.31481481,0.763888889,9,,,,pre,14.18055556,1.134259259,0.093182013,7.998694091,0.076948949,0.000417398,,,
54,1964,Dwyer,Fig 5,Yangochiroptera,Miniopteridae,Miniopterus orianae oceanensis,Miniopterus orianae oceanensis,cave,,Australia,southern,-31.08954778,152.6894109,Cfa,1960-1963,1961,Female,Adult,,,,,7,8,30.417,,Jul,Aug,,,,15.31481481,0.763888889,9,12.97685185,0.625,10,post,12.97685185,2.337962963,0.103898748,18.01641099,0.165653505,0.0005084,,,
54,1964,Dwyer,Fig 5,Yangochiroptera,Miniopteridae,Miniopterus orianae oceanensis,Miniopterus orianae oceanensis,cave,,Australia,southern,-30.58660093,151.5951913,Cfb,1960-1963,1961,Male,Adult,,,,4,6,,60.834,Apr,Jun,,14.10599078,0.525345622,12,17.67281106,1.216589862,39,,,,pre,14.10599078,3.566820276,0.06095005,25.2858543,0.225427775,0.000237095,,,
54,1964,Dwyer,Fig 5,Yangochiroptera,Miniopteridae,Miniopterus orianae oceanensis,Miniopterus orianae oceanensis,cave,,Australia,southern,-30.58660093,151.5951913,Cfb,1960-1963,1961,Male,Adult,,,,,6,9,91.251,,Jun,Sep,,,,17.67281106,1.216589862,39,13.94009217,0.718894009,35,post,13.94009217,3.732718894,0.052717008,26.7768595,0.237258343,0.000197496,,,
54,1964,Dwyer,Fig 5,Yangochiroptera,Miniopteridae,Miniopterus orianae oceanensis,Miniopterus orianae oceanensis,cave,,Australia,southern,-30.58660093,151.5951913,Cfb,1960-1963,1961,Female,Adult,,,,4,5,,30.417,Apr,May,,14.13425926,0.601851852,12,17.58333333,0.763888889,6,,,,pre,14.13425926,3.449074074,0.127439843,24.40222732,0.218349899,0.000465658,,,
54,1964,Dwyer,Fig 5,Yangochiroptera,Miniopteridae,Miniopterus orianae oceanensis,Miniopterus orianae oceanensis,cave,,Australia,southern,-30.58660093,151.5951913,Cfb,1960-1963,1961,Female,Adult,,,,,5,9,121.668,,May,Sep,,,,17.58333333,0.763888889,6,13.60185185,1.157407407,29,post,13.60185185,3.981481481,0.143447197,29.27161334,0.256745535,0.000564239,,,
55,,Wu,raw data,Yangochiroptera,Miniopteridae,Miniopterus orianae oceanensis,Miniopterus orianae oceanensis,cave,,Australia,southern,-33.80319187,150.0186175,Cfb,2023,2023,Female,Adult,,,,,5,8,91.251,,May,Aug,,,,17.4,1.25,40,13.3,0.782,31,post,13.3,4.1,0.058789081,30.82706767,0.268706171,0.00024054,,,this study
55,,Wu,raw data,Yangochiroptera,Miniopteridae,Miniopterus orianae oceanensis,Miniopterus orianae oceanensis,cave,,Australia,southern,-33.80319187,150.0186175,Cfb,2023,2023,Male,Adult,,,,,5,8,91.251,,May,Aug,,,,15.8,0.91,42,13.7,0.884,20,post,13.7,2.1,0.058789467,15.32846715,0.142614107,0.000287158,,,
55,,Wu,raw data,Yangochiroptera,Miniopteridae,Miniopterus orianae oceanensis,Miniopterus orianae oceanensis,cave,,Australia,southern,-31.09408531,152.6886378,Cfa,2023,2023,Female,Adult,,,,,5,8,91.251,,May,Aug,,,,14.8,1.06,2,12.9,0.294,12,post,12.9,1.9,0.569003,14.72868217,0.137399869,0.002608113,,,
55,,Wu,raw data,Yangochiroptera,Miniopteridae,Miniopterus orianae oceanensis,Miniopterus orianae oceanensis,cave,,Australia,southern,-31.09408531,152.6886378,Cfa,2023,2023,Male,Adult,,,,,5,8,91.251,,May,Aug,,,,14.7,1.01,11,13.7,0.691,31,post,13.7,1,0.108138977,7.299270073,0.070451661,0.00051122,,,
55,,Wu,raw data,Yangochiroptera,Miniopteridae,Miniopterus australis,Miniopterus australis,cave,,Australia,southern,-31.09408531,152.6886378,Cfa,2023,2023,Female,Adult,,,,,5,7,60.834,,May,Jul,,,,6.4875,0.25527763,17,6.658824,0.31151404,35,post,6.658824,-0.171324,0.006605933,-2.572886744,-0.026065644,0.00015361,,,
55,,Wu,raw data,Yangochiroptera,Miniopteridae,Miniopterus australis,Miniopterus australis,cave,,Australia,southern,-31.09408531,152.6886378,Cfa,2023,2023,Male,Adult,,,,,5,7,60.834,,May,Jul,,,,6.575,0.17507762,24,6.82,0.35629674,20,post,6.82,-0.245,0.007624542,-3.592375367,-0.036584894,0.000166009,,,
56,2024,Reimer,raw data,Yangochiroptera,Vespertilionidae,Myotis lucifugus,Myotis lucifugus,cave,,Canada,northern,60.04011247,-112.6999785,Dfc,2011-2012,2011,Female,Adult,,,,7,9,,60.834,Jul,Sep,,8.662999453,0.563765736,75,10.87887247,0.483305966,6,,,,pre,8.662999453,2.215873016,0.043168534,25.57858889,0.227761583,0.000385414,,Seasonal phenology of the little brown bat (Myotis lucifugus) at 60¡ N,https://esajournals.onlinelibrary.wiley.com/doi/pdfdirect/10.1002/ecs2.4778
56,2024,Reimer,raw data,Yangochiroptera,Vespertilionidae,Myotis lucifugus,Myotis lucifugus,cave,,Canada,northern,60.04011247,-112.6999785,Dfc,2011-2012,2011,Male,Adult,,,,7,9,,60.834,Jul,Sep,,7.512479475,0.802955665,62,9.979200876,0.470717022,24,,,,pre,7.512479475,2.466721401,0.019631268,32.83498357,0.283937447,0.000276965,,,
56,2024,Reimer,raw data,Yangochiroptera,Vespertilionidae,Myotis lucifugus,Myotis lucifugus,cave,,Canada,northern,60.04011247,-112.6999785,Dfc,2011-2012,2011,Female,Adult,,,,,9,5,243.336,,Sep,May,,,,10.87887247,0.483305966,6,8.472523262,0.471811713,21,post,8.472523262,2.406349206,0.049531076,28.40180112,0.249994233,0.000476617,,,
56,2024,Reimer,raw data,Yangochiroptera,Vespertilionidae,Myotis lucifugus,Myotis lucifugus,cave,,Canada,northern,60.04011247,-112.6999785,Dfc,2011-2012,2011,Male,Adult,,,,,9,5,243.336,,Sep,May,,,,9.979200876,0.470717022,24,7.758401752,0.469622332,5,post,7.758401752,2.220799124,0.053341298,28.6244409,0.251726661,0.000825504,,,
57,2024,L—pez-Roig,Table 1,Yangochiroptera,Miniopteridae,Miniopterus schreibersii schreibersii,Miniopterus schreibersii schreibersii,cave,,Spain,northern,41.65,2.016667,Cfa,1998Ð2007,2002,Female,Adult,,,,,12,2,60.834,,Dec,Feb,,,,16.29,0.944351629,182,13.64,1.005584407,158,post,13.64,2.65,0.0113,19.42815249,0.17754477,5.29E-05,,Thinner bats to face hibernation as response to climate warming,https://www.nature.com/articles/s41598-024-52459-9
57,2024,L—pez-Roig,Table 1,Yangochiroptera,Miniopteridae,Miniopterus schreibersii schreibersii,Miniopterus schreibersii schreibersii,cave,,Spain,northern,41.65,2.016667,Cfa,2008Ð2017,2012,Female,Adult,,,,,12,2,60.834,,Dec,Feb,,,,15.94,0.891964125,221,13.43,0.897997773,224,post,13.43,2.51,0.0072,18.68950112,0.171340663,3.41E-05,,,
57,2024,L—pez-Roig,Table 1,Yangochiroptera,Miniopteridae,Miniopterus schreibersii schreibersii,Miniopterus schreibersii schreibersii,cave,,Spain,northern,41.65,2.016667,Cfa,1998Ð2007,2002,Male,Adult,,,,,12,2,60.834,,Dec,Feb,,,,16.79,1.122853508,197,13.97,1.17,169,post,13.97,2.82,0.0145,20.1861131,0.183871298,6.42E-05,,,
57,2024,L—pez-Roig,Table 1,Yangochiroptera,Miniopteridae,Miniopterus schreibersii schreibersii,Miniopterus schreibersii schreibersii,cave,,Spain,northern,41.65,2.016667,Cfa,2008Ð2017,2012,Male,Adult,,,,,12,2,60.834,,Dec,Feb,,,,16.29,1.139824548,203,13.83,0.801560977,257,post,13.83,2.46,0.0089,17.78741866,0.163711277,3.72E-05,,,
58,,Langguth,raw data,Yangochiroptera,Miniopteridae,Miniopterus orianae bassanii,Miniopterus orianae bassanii,cave,,Australia,southern,-38.33800459,141.4872367,Csb,2023-2024,2023,Female,Adult,,,,,5,7,60.834,,May,Jul,,,,16.96667,1.9039433,9,14.51857,0.5823673,14,post,14.51857,2.4481,0.427002907,16.86185347,0.155822312,0.001514102,,,prelim study
58,,Langguth,raw data,Yangochiroptera,Miniopteridae,Miniopterus orianae bassanii,Miniopterus orianae bassanii,cave,,Australia,southern,-38.33800459,141.4872367,Csb,2023-2024,2023,Male,Adult,,,,,5,7,60.834,,May,Jul,,,,18.07778,1.5550886,18,15.98469,1.3285063,32,post,15.98469,2.09309,0.189504062,13.09434215,0.123052171,0.000626958,,,
59,1982,Hall,Table 1,Yangochiroptera,Miniopteridae,Miniopterus orianae oceanensis,Miniopterus orianae oceanensis,cave,,Australia,southern,-35.72257228,149.6913458,,,1972,Both,Adult,,,,,6,7,30.417,,Jun,Jul,,,,19.2,1.2,15,15.5,1.2,21,post,15.5,3.7,0.164571429,23.87096774,0.214070255,0.000545834,,"The effect of cave microclimate on winter roosting behaviour in the bat, Miniopterus schreibersii blepotis",https://onlinelibrary.wiley.com/doi/abs/10.1111/j.1442-9993.1982.tb01586.x?casa_token=wOZcdoAdwcMAAAAA:xGUvfe39QxChLYCiqAZsl5W-O79feBjf86Vzg6d8X54gmHjaCCEMc7v41CkAVkvFlmsbfpe1ycImdO0U
59,1982,Hall,Table 1,Yangochiroptera,Miniopteridae,Miniopterus orianae oceanensis,Miniopterus orianae oceanensis,cave,,Australia,southern,-35.72257228,149.6913458,,,1973,Both,Adult,,,,5,6,,30.417,May,Jun,,14.8,1.1,15,19.1,1.3,27,,,,pre,14.8,4.3,0.143259259,29.05405405,0.255061154,0.00053985,,,
60,2024,Klyes,Table 1,Yangochiroptera,Vespertilionidae,Plecotus auritus,Plecotus auritus,cave,,Poland,northern,50.44970676,18.84990944,,2003-2004,2003,Both,Adult,,8/11/2003,13/3/2004,,,,126,,Nov,Mar,,,,9.9,0.86,38,7.3,1.22,25,post,7.3,2.6,0.078999158,35.61643836,0.304660409,0.001315791,,Wintering Conditions and Heat Loss during Hibernation in the Brown Long-Eared Bat,https://www.mdpi.com/2076-3417/14/2/716
61,1989,Pistole,Table 1,Yangochiroptera,Vespertilionidae,Eptesicus fuscus,Eptesicus fuscus,broad,,USA,northern,40.3906759,-86.33992873,,1984-1986,1985,Female,Adult,,15/11/1985,16/3/1986,,,,121,,Nov,Mar,,,,20.9,4.233202098,7,13.9,1.788854382,5,post,13.9,7,3.2,50.35971223,0.407860319,0.00917313,,Sexual differences in the annual lipid cycle of the big brown bat Eptesicus fuscus,https://cdnsciencepub.com/doi/abs/10.1139/z89-270
61,1989,Pistole,Table 1,Yangochiroptera,Vespertilionidae,Eptesicus fuscus,Eptesicus fuscus,broad,,USA,northern,40.3906759,-86.33992873,,1984-1986,1985,Male,Adult,,16/11/1985,15/3/1986,,,,119,,Nov,Mar,,,,19.5,3.801315562,5,14.2,1.959591794,7,post,14.2,5.3,3.438571429,37.32394366,0.317172501,0.010320812,,,
61,1989,Pistole,Table 1,Yangochiroptera,Vespertilionidae,Eptesicus fuscus,Eptesicus fuscus,broad,,USA,northern,40.3906759,-86.33992873,,1984-1986,1985,Female,Adult,15/7/1985,15/11/1985,,,,,123,Jul,Nov,,14.9,3.676955262,8,20.9,4.233202098,7,,,,pre,14.9,6,4.25,40.26845638,0.338387946,0.013472941,,,
61,1989,Pistole,Table 1,Yangochiroptera,Vespertilionidae,Eptesicus fuscus,Eptesicus fuscus,broad,,USA,northern,40.3906759,-86.33992873,,1984-1986,1985,Male,Adult,15/7/1985,16/11/1985,,,,,124,Jul,Nov,,15.3,4.74341649,10,19.5,3.801315562,5,,,,pre,15.3,4.2,5.14,27.45098039,0.242561637,0.017211951,,,
62,2023,Whiting,Table 1,Yangochiroptera,Vespertilionidae,Corynorhinus townsendii,Corynorhinus townsendii,cave,,USA,northern,43.51979562,-112.0459324,,1987-1988,1987,Female,Adult,,,,,10,3,152.085,,Oct,Mar,,,,13,0.76,12,10,0.66,12,post,10,3,0.084433333,30,0.262364264,0.000647813,,Overwinter Mass Loss of Townsend's Big-Eared Bats in Five Caves,https://bioone.org/journals/northwest-science/volume-96/issue-1-2/046.096.0103/Overwinter-Mass-Loss-of-Townsends-Big-Eared-Bats-in-Five/10.3955/046.096.0103.short
62,2023,Whiting,Table 2,Yangochiroptera,Vespertilionidae,Corynorhinus townsendii,Corynorhinus townsendii,cave,,USA,northern,43.51979562,-112.0459324,,1987-1988,1987,Male,Adult,,,,,10,3,152.085,,Oct,Mar,,,,11,0.43,7,8.7,0.52,18,post,8.7,2.3,0.041436508,26.43678161,0.234572247,0.00041677,,,
62,2023,Whiting,Table 1,Yangochiroptera,Vespertilionidae,Corynorhinus townsendii,Corynorhinus townsendii,cave,,USA,northern,43.05171633,-114.2128122,,1987-1988,1987,Female,Adult,,,,,10,3,152.085,,Oct,Mar,,,,13.6,0.85,6,11,0.31,6,post,11,2.6,0.136433333,23.63636364,0.21217452,0.000783411,,,
62,2023,Whiting,Table 2,Yangochiroptera,Vespertilionidae,Corynorhinus townsendii,Corynorhinus townsendii,cave,,USA,northern,43.05171633,-114.2128122,,1987-1988,1987,Male,Adult,,,,,10,3,152.085,,Oct,Mar,,,,11,0.42,8,8.9,0.38,8,post,8.9,2.1,0.0401,23.59550562,0.211843996,0.000410107,,,
62,2023,Whiting,Table 2,Yangochiroptera,Vespertilionidae,Corynorhinus townsendii,Corynorhinus townsendii,cave,,USA,northern,43.31793648,-113.8940355,,1987-1988,1987,Female,Adult,,,,,10,3,152.085,,Oct,Mar,,,,14.1,0.83,13,11,0.81,13,post,11,3.1,0.103461538,28.18181818,0.248279525,0.000683649,,,